西营房  3室1厅  110平米  东,安定门租房/高楼层(共19层)/2006年建塔楼,10500元/月,https://bj.lianjia.com/xiaoqu/1111027381347/
国瑞城中区  2室1厅  76平米  南 北,崇文门租房/低楼层(共16层)/2006年建板塔结合,8200元/月,https://bj.lianjia.com/xiaoqu/1111027374691/
青年沟  2室2厅  78平米  南 北,和平里租房/中楼层(共6层)/1996年建板楼,6800元/月,https://bj.lianjia.com/xiaoqu/1111027378881/
小黄庄一区  2室1厅  55平米  东 西,安贞租房/中楼层(共6层)/1994年建板楼,6400元/月,https://bj.lianjia.com/xiaoqu/1111027380911/
和平里三区  1室1厅  41平米  西南,和平里租房/高楼层(共6层)/1996年建板楼,4500元/月,https://bj.lianjia.com/xiaoqu/1111027375204/
和平里五区  2室1厅  55平米  南 北,和平里租房/高楼层(共6层)/1996年建板楼,6500元/月,https://bj.lianjia.com/xiaoqu/1111027375206/
左安浦园  2室1厅  85平米  西南,左安门租房/中楼层(共18层)/2004年建板楼,6500元/月,https://bj.lianjia.com/xiaoqu/1111027382283/
芳嘉园胡同  1室1厅  50平米  西,朝阳门内租房/高楼层(共6层)/2003年建板楼,6400元/月,https://bj.lianjia.com/xiaoqu/1111027374267/
万国城MOMA  1室1厅  91平米  南,东直门租房/中楼层(共26层)/2002年建板塔结合,14000元/月,https://bj.lianjia.com/xiaoqu/1111027380242/
西青年沟  2室1厅  50平米  南 北,安贞租房/高楼层(共6层)/1987年建板楼,6000元/月,https://bj.lianjia.com/xiaoqu/1111027381096/
民旺园  2室1厅  58平米  南,和平里租房/高楼层(共5层)/1980年建板楼,6200元/月,https://bj.lianjia.com/xiaoqu/1111027378417/
小黄庄一区  1室1厅  49平米  南,安贞租房/低楼层(共12层)/1993年建板塔结合,4900元/月,https://bj.lianjia.com/xiaoqu/1111027380911/
新奥洋房  1室1厅  45平米  北,永定门租房/高楼层(共8层)/2005年建板楼,5000元/月,https://bj.lianjia.com/xiaoqu/1111027380567/
民安小区东直门内北小街  2室1厅  80平米  东 西,东直门租房/中楼层(共16层)/2003年建板楼,8300元/月,https://bj.lianjia.com/xiaoqu/1111027374075/
豆瓣胡同  1室1厅  55平米  东,朝阳门内租房/低楼层(共21层)/2003年建板楼,7000元/月,https://bj.lianjia.com/xiaoqu/1111027376748/
华龙美晟  2室1厅  76平米  南,永定门租房/低楼层(共12层)/2009年建塔楼,5900元/月,https://bj.lianjia.com/xiaoqu/1111027375142/
东环居苑  2室1厅  82平米  西南,广渠门租房/高楼层(共22层)/2004年建塔楼,7000元/月,https://bj.lianjia.com/xiaoqu/1111027376918/
大方家胡同  2室1厅  76平米  南 北,朝阳门内租房/高楼层(共16层)/2003年建板塔结合,8600元/月,https://bj.lianjia.com/xiaoqu/1111027376836/
黄寺大街28号院  3室1厅  81平米  东北,安定门租房/低楼层(共15层)/1989年建塔楼,9500元/月,https://bj.lianjia.com/xiaoqu/1111027375258/
安外西河沿  2室1厅  47平米  南 北,安定门租房/中楼层(共11层)/1983年建板楼,5500元/月,https://bj.lianjia.com/xiaoqu/1111027380887/
东环居苑  1室1厅  62平米  东,广渠门租房/低楼层(共22层)/2004年建塔楼,5800元/月,https://bj.lianjia.com/xiaoqu/1111027376918/
胡家园小区  2室1厅  55平米  南,东直门租房/高楼层(共6层)/1985年建板楼,6000元/月,https://bj.lianjia.com/xiaoqu/1111027375114/
化工大院  2室1厅  62平米  南,和平里租房/中楼层(共5层)/1988年建板楼,6800元/月,https://bj.lianjia.com/xiaoqu/1111027374981/
安外东河沿  2室1厅  61平米  南,安定门租房/低楼层(共12层)/1990年建板塔结合,6000元/月,https://bj.lianjia.com/xiaoqu/1111027375656/
朝阳首府  3室1厅  183平米  南 北,朝阳门内租房/低楼层(共11层)/2009年建板楼,26000元/月,https://bj.lianjia.com/xiaoqu/1111027376676/
华龙美晟  2室1厅  88平米  东 西,永定门租房/高楼层(共12层)/2009年建板塔结合,6200元/月,https://bj.lianjia.com/xiaoqu/1111027375142/
灯市口西街  3室1厅  77平米  南 北,灯市口租房/高楼层(共6层)/1989年建板楼,11000元/月,https://bj.lianjia.com/xiaoqu/1111027373855/
东方财富  1室0厅  44平米  西,广渠门租房/低楼层(共15层)/2006年建板塔结合,5000元/月,https://bj.lianjia.com/xiaoqu/1111027376828/
北官厅胡同甲二号院  2室1厅  61平米  南 北,东直门租房/中楼层(共6层)/1993年建板楼,6800元/月,https://bj.lianjia.com/xiaoqu/1111027375829/
豆瓣胡同  2室1厅  71平米  东 西,朝阳门内租房/低楼层(共12层)/2003年建板楼,8600元/月,https://bj.lianjia.com/xiaoqu/1111027376748/
朝阳门内大街75号院  1室1厅  80平米  东 西,朝阳门内租房/低楼层(共6层)/1990年建板楼,10500元/月,https://bj.lianjia.com/xiaoqu/1111027376669/
万国城MOMA  2室2厅  109平米  东 北,东直门租房/未知楼层(共26层)/2002年建板塔结合,15000元/月,https://bj.lianjia.com/xiaoqu/1111027380242/
左安漪园  3室2厅  160平米  南 北,左安门租房/低楼层(共14层)/2004年建板楼,14000元/月,https://bj.lianjia.com/xiaoqu/1111027382286/
远洋德邑  2室1厅  102平米  东,广渠门租房/高楼层(共14层)/2002年建板塔结合,9300元/月,https://bj.lianjia.com/xiaoqu/1111027382190/
东环居苑  2室1厅  76平米  东南,广渠门租房/低楼层(共22层)/2004年建塔楼,7300元/月,https://bj.lianjia.com/xiaoqu/1111027376918/
新裕家园  3室2厅  125平米  南 北,崇文门租房/中楼层(共14层)/2004年建板塔结合,17000元/月,https://bj.lianjia.com/xiaoqu/1111027381367/
中海紫御公馆  2室2厅  92平米  南,陶然亭租房/高楼层(共22层)/2010年建板塔结合,12000元/月,https://bj.lianjia.com/xiaoqu/1111027382485/
幸福家园二期  1室1厅  72平米  南,广渠门租房/高楼层(共13层)/2003年建板塔结合,7500元/月,https://bj.lianjia.com/xiaoqu/1111043313755/
新中西街  2室1厅  58平米  东 西,朝阳门外租房/中楼层(共7层)/1990年建板楼,6000元/月,https://bj.lianjia.com/xiaoqu/1111027381477/
海晟名苑  2室1厅  119平米  东,工体租房/中楼层(共22层)/2003年建板塔结合,18000元/月,https://bj.lianjia.com/xiaoqu/1111027375280/
丽水湾畔家园  3室1厅  146平米  西南,广渠门租房/中楼层(共21层)/2002年建塔楼,13000元/月,https://bj.lianjia.com/xiaoqu/1111027378078/
新景家园东区  2室1厅  101平米  南 北,崇文门租房/低楼层(共15层)/2008年建板塔结合,12000元/月,https://bj.lianjia.com/xiaoqu/1111027380930/
和平里二区  2室1厅  87平米  东北,和平里租房/高楼层(共21层)/2006年建塔楼,8500元/月,https://bj.lianjia.com/xiaoqu/1111027375199/
西水井胡同  2室1厅  74平米  东 西,朝阳门内租房/中楼层(共16层)/2003年建板塔结合,8200元/月,https://bj.lianjia.com/xiaoqu/1111027381160/
广渠家园  2室1厅  68平米  西,广渠门租房/高楼层(共28层)/2009年建塔楼,6500元/月,https://bj.lianjia.com/xiaoqu/1111027374680/
朝内大街201号院  3室1厅  65平米  南 北,东四租房/低楼层(共3层)/1999年建板塔结合,9000元/月,https://bj.lianjia.com/xiaoqu/1111027376498/
民旺园  2室1厅  50平米  南,和平里租房/中楼层(共4层)/1992年建板楼,6200元/月,https://bj.lianjia.com/xiaoqu/1111027378417/
海晟名苑  3室1厅  148平米  东 西,工体租房/中楼层(共22层)/2004年建板塔结合,20000元/月,https://bj.lianjia.com/xiaoqu/1111027375280/
豆瓣胡同  2室1厅  71平米  南 北,朝阳门内租房/中楼层(共21层)/2003年建板楼,10000元/月,https://bj.lianjia.com/xiaoqu/1111027376748/
和平里七区  3室1厅  72平米  南 北,和平里租房/高楼层(共5层)/1986年建板楼,7500元/月,https://bj.lianjia.com/xiaoqu/1111027375203/
新景家园东区  1室1厅  60平米  南,崇文门租房/中楼层(共17层)/2005年建板塔结合,6800元/月,https://bj.lianjia.com/xiaoqu/1111027380930/
青年沟  2室1厅  64平米  南 北,和平里租房/高楼层(共6层)/1996年建板楼,6500元/月,https://bj.lianjia.com/xiaoqu/1111027378881/
民旺园  3室1厅  60平米  南 北,和平里租房/高楼层(共6层)/1990年建板楼,5500元/月,https://bj.lianjia.com/xiaoqu/1111027378417/
民安小区东直门内北小街  3室1厅  118平米  东 西 北,东直门租房/低楼层(共16层)/2003年建板楼,14000元/月,https://bj.lianjia.com/xiaoqu/1111027374075/
和平里三区  1室1厅  40平米  西南,和平里租房/低楼层(共6层)/1996年建板楼,5100元/月,https://bj.lianjia.com/xiaoqu/1111027375204/
城市亮点  2室1厅  84平米  南,永定门租房/低楼层(共12层)/2003年建板塔结合,6500元/月,https://bj.lianjia.com/xiaoqu/1111027376551/
小黄庄一区  2室1厅  67平米  南 北,安贞租房/高楼层(共21层)/1990年建板塔结合,6600元/月,https://bj.lianjia.com/xiaoqu/1111027380911/
国瑞城中区  1室1厅  56平米  北,崇文门租房/低楼层(共16层)/2006年建板楼,6500元/月,https://bj.lianjia.com/xiaoqu/1111027374691/
巷上嘉园  2室1厅  62平米  北,安定门租房/低楼层(共24层)/2005年建板塔结合,10800元/月,https://bj.lianjia.com/xiaoqu/1111027381164/
本家润园三期  1室1厅  50平米  北,东花市租房/中楼层(共18层)/2005年建板塔结合,5300元/月,https://bj.lianjia.com/xiaoqu/1111043315856/
安外花园  2室1厅  56平米  南 北,和平里租房/高楼层(共5层)/1980年建板楼,5800元/月,https://bj.lianjia.com/xiaoqu/1111027375663/
本家润园三期  1室1厅  50平米  北,东花市租房/中楼层(共18层)/2005年建板塔结合,5300元/月,https://bj.lianjia.com/xiaoqu/1111043315856/
禾风仕家  3室1厅  158平米  东,金宝街租房/中楼层(共10层)/2008年建板塔结合,25000元/月,https://bj.lianjia.com/xiaoqu/1111027374962/
东环居苑  1室1厅  60平米  南,广渠门租房/高楼层(共22层)/2004年建塔楼,5500元/月,https://bj.lianjia.com/xiaoqu/1111027376918/
怡龙别墅  3室2厅  235平米  东 南 西,左安门租房/中楼层(共4层)/1996年建,18000元/月,https://bj.lianjia.com/xiaoqu/1111027381846/
湖景苑  2室1厅  80平米  东 西,安定门租房/低楼层(共10层)/2003年建板塔结合,8500元/月,https://bj.lianjia.com/xiaoqu/1111027375108/
海运仓小区  3室1厅  82平米  南 北,东直门租房/中楼层(共7层)/2002年建板楼,11500元/月,https://bj.lianjia.com/xiaoqu/1111027375430/
大方家胡同  2室1厅  76平米  南 北,朝阳门内租房/中楼层(共16层)/2003年建板塔结合,8800元/月,https://bj.lianjia.com/xiaoqu/1111027376836/
花市枣苑二期  1室1厅  75平米  北,东花市租房/中楼层(共19层)/2004年建塔楼,9000元/月,https://bj.lianjia.com/xiaoqu/1111043316665/
建予园  2室1厅  71平米  西南,西罗园租房/中楼层(共16层)/1999年建塔楼,6000元/月,https://bj.lianjia.com/xiaoqu/1111027377548/
安外大街  1室1厅  46平米  东,安贞租房/高楼层(共16层)/1994年建板楼,4850元/月,https://bj.lianjia.com/xiaoqu/1111027375657/
安德路47号院  1室1厅  37平米  西,安定门租房/中楼层(共6层)/1990年建板楼,4200元/月,https://bj.lianjia.com/xiaoqu/1111027375572/
和平里三区  1室1厅  40平米  西南,和平里租房/中楼层(共6层)/1996年建板楼,5100元/月,https://bj.lianjia.com/xiaoqu/1111027375204/
鸿安国际大厦  4室2厅  235平米  南 北,金宝街租房/高楼层(共13层)/2004年建板塔结合,31000元/月,https://bj.lianjia.com/xiaoqu/1111027374862/
绿景馨园  2室1厅  70平米  南 北,广渠门租房/中楼层(共6层)/2004年建板楼,7000元/月,https://bj.lianjia.com/xiaoqu/1111027377932/
冠城名敦道  2室2厅  129平米  南 北,广渠门租房/高楼层(共17层)/2009年建板楼,14500元/月,https://bj.lianjia.com/xiaoqu/1111027374519/
万国城MOMA  1室1厅  85平米  南,东直门租房/未知楼层(共26层)/2002年建板塔结合,14000元/月,https://bj.lianjia.com/xiaoqu/1111027380242/
和平里一区  1室1厅  37平米  南 北,和平里租房/低楼层(共11层)/1990年建板塔结合,4800元/月,https://bj.lianjia.com/xiaoqu/1111027375208/
安德路47号院  2室1厅  54平米  东 西,安定门租房/低楼层(共6层)/1985年建板楼,6200元/月,https://bj.lianjia.com/xiaoqu/1111027375572/
安外花园  1室1厅  42平米  南,和平里租房/低楼层(共6层)/1990年建板楼,5500元/月,https://bj.lianjia.com/xiaoqu/1111027375663/
东方银座  2室1厅  107平米  南,东直门租房/中楼层(共25层)/2003年建塔楼,17000元/月,https://bj.lianjia.com/xiaoqu/1111027376862/
安化南里  2室1厅  80平米  东南,广渠门租房/高楼层(共16层)/2007年建塔楼,7500元/月,https://bj.lianjia.com/xiaoqu/1111027375607/
十字坡西里  2室1厅  52平米  南,东直门租房/高楼层(共5层)/1981年建板楼,7850元/月,https://bj.lianjia.com/xiaoqu/1111027379727/
太华公寓  1室1厅  90平米  西,崇文门租房/中楼层(共18层)/2000年建塔楼,11500元/月,https://bj.lianjia.com/xiaoqu/1111027379822/
朝阳门南小街  1室1厅  55平米  南,朝阳门内租房/中楼层(共16层)/2004年建板塔结合,6500元/月,https://bj.lianjia.com/xiaoqu/1111027376670/
和平里六区  2室1厅  65平米  东 西 北,和平里租房/中楼层(共18层)/1993年建塔楼,7100元/月,https://bj.lianjia.com/xiaoqu/1111027375202/
万国城MOMA  2室2厅  145平米  西北,东直门租房/中楼层(共31层)/2006年建塔楼,23000元/月,https://bj.lianjia.com/xiaoqu/1111027380242/
前门东大街  2室1厅  49平米  西,崇文门租房/中楼层(共12层)/1979年建板塔结合,6000元/月,https://bj.lianjia.com/xiaoqu/1111027378868/
官书院  3室2厅  110平米  东 西,安定门租房/中楼层(共6层)/2002年建板楼,15500元/月,https://bj.lianjia.com/xiaoqu/1111027374707/
交道口北三条  3室1厅  71平米  南 北,交道口租房/高楼层(共6层)/1990年建板楼,8300元/月,https://bj.lianjia.com/xiaoqu/1111027377074/
万国城MOMA  3室2厅  163平米  南 北,东直门租房/低楼层(共26层)/2002年建板塔结合,24000元/月,https://bj.lianjia.com/xiaoqu/1111027380242/
左安漪园  3室1厅  133平米  南 北,左安门租房/高楼层(共10层)/2004年建板楼,14000元/月,https://bj.lianjia.com/xiaoqu/1111027382286/
左安浦园  3室1厅  115平米  南 北,左安门租房/高楼层(共16层)/2004年建板塔结合,8800元/月,https://bj.lianjia.com/xiaoqu/1111027382283/
绿景苑  2室1厅  56平米  南 北,广渠门租房/中楼层(共12层)/2002年建板塔结合,5600元/月,https://bj.lianjia.com/xiaoqu/1111027377935/
东方财富  3室1厅  130平米  东南,广渠门租房/中楼层(共15层)/2006年建板塔结合,13000元/月,https://bj.lianjia.com/xiaoqu/1111027376828/
万国城MOMA  2室2厅  147平米  东北,东直门租房/未知楼层(共22层)/2006年建塔楼,21000元/月,https://bj.lianjia.com/xiaoqu/1111027380242/
沙子口路70号  1室1厅  36平米  西南,永定门租房/低楼层(共20层)/1989年建塔楼,4000元/月,https://bj.lianjia.com/xiaoqu/1111027379719/
西营房  1室2厅  36平米  北,安定门租房/中楼层(共17层)/2006年建塔楼,4800元/月,https://bj.lianjia.com/xiaoqu/1111027381347/
新裕家园  1室0厅  36平米  北,崇文门租房/中楼层(共13层)/2007年建板塔结合,5500元/月,https://bj.lianjia.com/xiaoqu/1111027381367/
板厂新里  2室1厅  59平米  南,广渠门租房/中楼层(共18层)/1991年建塔楼,5300元/月,https://bj.lianjia.com/xiaoqu/1111027375737/
贡院头条  2室1厅  51平米  南,建国门内租房/中楼层(共6层)/1985年建板楼,6800元/月,https://bj.lianjia.com/xiaoqu/1111027374825/
南竹杆胡同  2室1厅  88平米  南 北,朝阳门内租房/低楼层(共16层)/2003年建板塔结合,11000元/月,https://bj.lianjia.com/xiaoqu/1111027378679/
幸福家园三期  1室1厅  69平米  东,广渠门租房/中楼层(共8层)/2005年建板塔结合,7500元/月,https://bj.lianjia.com/xiaoqu/1111043314469/
左安门内大街  1室1厅  49平米  西 北,左安门租房/高楼层(共6层)/1981年建板楼,4500元/月,https://bj.lianjia.com/xiaoqu/1111027382282/
安外大街  1室1厅  46平米  东,安贞租房/高楼层(共16层)/1994年建塔楼,4900元/月,https://bj.lianjia.com/xiaoqu/1111027375657/
南水关  2室1厅  44平米  南,广渠门租房/中楼层(共5层)/1975年建板楼,5300元/月,https://bj.lianjia.com/xiaoqu/1111027378578/
幸福北里  2室1厅  58平米  东 西,广渠门租房/中楼层(共6层)/1985年建板楼,5800元/月,https://bj.lianjia.com/xiaoqu/1111027380696/
华冠丽景  3室2厅  152平米  南 北,东直门租房/中楼层(共8层)/2003年建板楼,25000元/月,https://bj.lianjia.com/xiaoqu/1111027374993/
新景家园东区  1室1厅  59平米  南 北,崇文门租房/低楼层(共13层)/2005年建板塔结合,7000元/月,https://bj.lianjia.com/xiaoqu/1111027380930/
民安小区东羊管胡同  3室2厅  109平米  南 北,东直门租房/高楼层(共6层)/2002年建板楼,14000元/月,https://bj.lianjia.com/xiaoqu/1111027374021/
海运仓小区  2室1厅  64平米  东 西,东直门租房/中楼层(共8层)/2002年建板楼,8000元/月,https://bj.lianjia.com/xiaoqu/1111027375430/
中国强胡同  2室1厅  53平米  东南 西,东花市租房/高楼层(共5层)/1981年建板楼,8000元/月,https://bj.lianjia.com/xiaoqu/1111027382438/
幸福家园一期  3室2厅  118平米  南 北,广渠门租房/低楼层(共14层)/2002年建板塔结合,14000元/月,https://bj.lianjia.com/xiaoqu/1111043313490/
十字坡西里  1室1厅  37平米  南,东直门租房/高楼层(共5层)/1983年建板楼,6300元/月,https://bj.lianjia.com/xiaoqu/1111027379727/
民安小区东直门北中街  2室1厅  56平米  东 西,东直门租房/高楼层(共6层)/1988年建板楼,6400元/月,https://bj.lianjia.com/xiaoqu/1111027374074/
北官厅胡同甲二号院  2室1厅  64平米  南 北,东直门租房/高楼层(共6层)/1993年建板楼,6800元/月,https://bj.lianjia.com/xiaoqu/1111027375829/
潘家坡胡同4号院  2室0厅  54平米  南 北,朝阳门外租房/中楼层(共6层)/1988年建板楼,7000元/月,https://bj.lianjia.com/xiaoqu/1111027378737/
新景家园东区  1室1厅  59平米  南,崇文门租房/低楼层(共18层)/2006年建板塔结合,7200元/月,https://bj.lianjia.com/xiaoqu/1111027380930/
东花市北里中区  2室1厅  94平米  南 北,东花市租房/中楼层(共6层)/1994年建板楼,10500元/月,https://bj.lianjia.com/xiaoqu/1111027373685/
兴隆都市馨园  1室0厅  35平米  南,崇文门租房/中楼层(共7层)/2004年建塔楼,5100元/月,https://bj.lianjia.com/xiaoqu/1111027381005/
法华南里  2室1厅  50平米  南 北,崇文门租房/高楼层(共6层)/1996年建板楼,6200元/月,https://bj.lianjia.com/xiaoqu/1111027374239/
安德路55号院  2室1厅  64平米  南 北,安定门租房/中楼层(共4层)/1977年建板楼,6000元/月,https://bj.lianjia.com/xiaoqu/1111027375573/
什锦花园胡同21号院  1室1厅  34平米  南,东四租房/中楼层(共5层)/1985年建板楼,5000元/月,https://bj.lianjia.com/xiaoqu/1111027379352/
兴隆都市馨园  1室0厅  35平米  南,崇文门租房/中楼层(共7层)/2004年建塔楼,5100元/月,https://bj.lianjia.com/xiaoqu/1111027381005/
崇文门东大街  1室1厅  40平米  南,崇文门租房/中楼层(共14层)/1980年建板楼,4800元/月,https://bj.lianjia.com/xiaoqu/1111027376599/
绿景苑  2室1厅  57平米  南 北,广渠门租房/中楼层(共12层)/2002年建板塔结合,6000元/月,https://bj.lianjia.com/xiaoqu/1111027377935/
金世纪嘉园  1室1厅  64平米  西,广渠门租房/低楼层(共22层)/2006年建塔楼,5800元/月,https://bj.lianjia.com/xiaoqu/1111027377351/
青年湖西里  2室1厅  57平米  南 北,安定门租房/中楼层(共5层)/1986年建板楼,6300元/月,https://bj.lianjia.com/xiaoqu/1111027378894/
北京上舍  4室2厅  201平米  南 北,广渠门租房/低楼层(共14层)/2008年建板楼,22000元/月,https://bj.lianjia.com/xiaoqu/1111027375933/
绿景苑  1室1厅  62平米  西,广渠门租房/低楼层(共18层)/2002年建塔楼,5600元/月,https://bj.lianjia.com/xiaoqu/1111027377935/
远洋德邑  2室1厅  106平米  东,广渠门租房/低楼层(共14层)/2002年建板塔结合,8800元/月,https://bj.lianjia.com/xiaoqu/1111027382190/
元嘉国际公寓  1室0厅  51平米  东,东直门租房/中楼层(共10层)/2003年建塔楼,7500元/月,https://bj.lianjia.com/xiaoqu/1111027381776/
仓南胡同14号院  2室1厅  70平米  南 北,朝阳门内租房/中楼层(共6层)/1993年建板楼,8300元/月,https://bj.lianjia.com/xiaoqu/1111027376504/
东花市北里西区  2室1厅  60平米  东 西,东花市租房/高楼层(共6层)/1995年建塔楼,7000元/月,https://bj.lianjia.com/xiaoqu/1111027373684/
天娇园  3室1厅  97平米  西,东花市租房/低楼层(共11层)/2008年建板塔结合,9500元/月,https://bj.lianjia.com/xiaoqu/1111027379888/
安德路55号院  1室1厅  37平米  东,安定门租房/高楼层(共6层)/1985年建板楼,4500元/月,https://bj.lianjia.com/xiaoqu/1111027375573/
安德路47号院  1室1厅  42平米  南,安定门租房/高楼层(共6层)/1990年建板楼,4500元/月,https://bj.lianjia.com/xiaoqu/1111027375572/
朗家胡同13号院  1室1厅  40平米  南 北,安定门租房/高楼层(共6层)/1990年建板楼,4500元/月,https://bj.lianjia.com/xiaoqu/1111027377922/
兴隆都市馨园  1室1厅  53平米  西,崇文门租房/中楼层(共6层)/2003年建板塔结合,5600元/月,https://bj.lianjia.com/xiaoqu/1111027381005/
花市枣苑一期  3室2厅  255平米  东南,东花市租房/高楼层(共18层)/2003年建塔楼,25000元/月,https://bj.lianjia.com/xiaoqu/1111043316306/
当代MOMA  1室1厅  86平米  西,东直门租房/高楼层(共21层)/2006年建塔楼,22000元/月,https://bj.lianjia.com/xiaoqu/1111027380239/
新裕家园  2室1厅  102平米  南 北,崇文门租房/低楼层(共17层)/2004年建板塔结合,11000元/月,https://bj.lianjia.com/xiaoqu/1111027381367/
幸福家园一期  2室1厅  88平米  北,广渠门租房/高楼层(共18层)/2002年建塔楼,9000元/月,https://bj.lianjia.com/xiaoqu/1111043313490/
安外大街3号院  2室1厅  55平米  南 北,安定门租房/中楼层(共6层)/1988年建板楼,7000元/月,https://bj.lianjia.com/xiaoqu/1111027375658/
水上华城  1室1厅  64平米  西,广渠门租房/高楼层(共23层)/2005年建板塔结合,6800元/月,https://bj.lianjia.com/xiaoqu/1111027379543/
安德里北街25号院  3室1厅  87平米  西南,安定门租房/高楼层(共17层)/1990年建塔楼,9500元/月,https://bj.lianjia.com/xiaoqu/1111027375577/
海晟国际公寓  1室1厅  68平米  东,工体租房/中楼层(共22层)/2007年建板塔结合,11500元/月,https://bj.lianjia.com/xiaoqu/1111027375265/
绿景苑  1室1厅  60平米  东 西,广渠门租房/中楼层(共14层)/2000年建板塔结合,5300元/月,https://bj.lianjia.com/xiaoqu/1111027377935/
东环居苑  1室1厅  57平米  南,广渠门租房/中楼层(共22层)/2004年建塔楼,5500元/月,https://bj.lianjia.com/xiaoqu/1111027376918/
国祥胡同4号院  2室1厅  44平米  南 北,安定门租房/低楼层(共5层)/1988年建板楼,5800元/月,https://bj.lianjia.com/xiaoqu/1111027374745/
广渠家园  2室1厅  71平米  东,广渠门租房/高楼层(共29层)/2009年建板塔结合,6200元/月,https://bj.lianjia.com/xiaoqu/1111027374680/
广渠门外南街  2室1厅  57平米  东 西,广渠门租房/中楼层(共6层)/1991年建板楼,5000元/月,https://bj.lianjia.com/xiaoqu/1111027374686/
广渠家园  2室2厅  71平米  西,广渠门租房/高楼层(共29层)/2009年建板塔结合,6500元/月,https://bj.lianjia.com/xiaoqu/1111027374680/
东方银座  1室1厅  77平米  南,东直门租房/中楼层(共26层)/2003年建塔楼,12000元/月,https://bj.lianjia.com/xiaoqu/1111027376862/
雅安国际公寓  2室1厅  131平米  西北,建国门内租房/中楼层(共18层)/2005年建塔楼,15000元/月,https://bj.lianjia.com/xiaoqu/1111027381489/
西革新里110号院  2室1厅  61平米  南 北,西罗园租房/高楼层(共6层)/1992年建板楼,4800元/月,https://bj.lianjia.com/xiaoqu/1111027380769/
天华公馆  1室0厅  37平米  东,崇文门租房/中楼层(共6层)/2009年建板楼,5500元/月,https://bj.lianjia.com/xiaoqu/1111027379821/
安外西河沿  1室1厅  38平米  东,安定门租房/中楼层(共11层)/1983年建板楼,5000元/月,https://bj.lianjia.com/xiaoqu/1111027380887/
培新街乙5号院  2室1厅  75平米  东 南,广渠门租房/低楼层(共16层)/1999年建板塔结合,7300元/月,https://bj.lianjia.com/xiaoqu/1111027378766/
悠胜美苑  2室1厅  86平米  南 北,西罗园租房/低楼层(共12层)/2011年建板塔结合,7300元/月,https://bj.lianjia.com/xiaoqu/1111027382035/
海晟国际公寓  1室1厅  70平米  东,工体租房/中楼层(共16层)/2007年建板塔结合,12000元/月,https://bj.lianjia.com/xiaoqu/1111027375265/
金鱼池西区  1室0厅  48平米  西,天坛租房/中楼层(共6层)/2000年建板塔结合,4900元/月,https://bj.lianjia.com/xiaoqu/1111027377501/
聚龙花园  5室1厅  297平米  南 北,工体租房/中楼层(共8层)/1994年建板塔结合,35000元/月,https://bj.lianjia.com/xiaoqu/1111027377234/
华普花园  2室1厅  142平米  东,东直门租房/中楼层(共22层)/2001年建塔楼,16000元/月,https://bj.lianjia.com/xiaoqu/1111027375180/
幸福南里  3室2厅  125平米  南 北,广渠门租房/高楼层(共4层)/1965年建板楼,9000元/月,https://bj.lianjia.com/xiaoqu/1111027380717/
海运仓小区  3室2厅  94平米  东 西,东直门租房/高楼层(共8层)/2003年建板楼,15000元/月,https://bj.lianjia.com/xiaoqu/1111027375430/
左安漪园  4室2厅  226平米  南 北,左安门租房/低楼层(共14层)/2004年建板楼,18000元/月,https://bj.lianjia.com/xiaoqu/1111027382286/
绿景苑  1室0厅  36平米  北,广渠门租房/高楼层(共12层)/2002年建板塔结合,4300元/月,https://bj.lianjia.com/xiaoqu/1111027377935/
海运仓小区  3室1厅  89平米  南 北,东直门租房/高楼层(共6层)/2003年建板楼,11500元/月,https://bj.lianjia.com/xiaoqu/1111027375430/
东环居苑  1室1厅  57平米  东南,广渠门租房/低楼层(共18层)/2004年建塔楼,5800元/月,https://bj.lianjia.com/xiaoqu/1111027376918/
东直门南大街  1室1厅  41平米  北,东直门租房/高楼层(共18层)/1990年建板塔结合,6000元/月,https://bj.lianjia.com/xiaoqu/1111027374081/
水上华城  1室1厅  66平米  西,广渠门租房/高楼层(共20层)/2004年建板塔结合,7000元/月,https://bj.lianjia.com/xiaoqu/1111027379543/
东环居苑  1室1厅  65平米  东南,广渠门租房/中楼层(共22层)/2004年建塔楼,5300元/月,https://bj.lianjia.com/xiaoqu/1111027376918/
中景濠庭  1室1厅  74平米  北,安定门租房/中楼层(共22层)/2001年建板塔结合,7800元/月,https://bj.lianjia.com/xiaoqu/1111027382512/
北官厅胡同  2室1厅  71平米  南,东直门租房/低楼层(共16层)/1993年建塔楼,8500元/月,https://bj.lianjia.com/xiaoqu/1111027375827/
永康胡同1号院  1室1厅  47平米  东 西,安定门租房/低楼层(共7层)/2002年建板楼,5900元/月,https://bj.lianjia.com/xiaoqu/1111027381841/
绿景苑  1室1厅  62平米  西,广渠门租房/低楼层(共18层)/2002年建塔楼,5500元/月,https://bj.lianjia.com/xiaoqu/1111027377935/
前门东小街  1室1厅  56平米  南 北,崇文门租房/低楼层(共10层)/1990年建板塔结合,5800元/月,https://bj.lianjia.com/xiaoqu/1111027378870/
广渠门内大街  2室1厅  63平米  南,广渠门租房/高楼层(共13层)/1985年建板塔结合,6500元/月,https://bj.lianjia.com/xiaoqu/1111027374682/
花梗胡同1号院  1室1厅  33平米  南,交道口租房/低楼层(共6层)/1985年建板楼,5500元/月,https://bj.lianjia.com/xiaoqu/1111027374989/
前门东小街  1室1厅  56平米  南 北,崇文门租房/低楼层(共10层)/1990年建板塔结合,5800元/月,https://bj.lianjia.com/xiaoqu/1111027378870/
铜厂子胡同  1室1厅  37平米  南,东直门租房/中楼层(共5层)/1979年建板楼,5500元/月,https://bj.lianjia.com/xiaoqu/1111027379788/
新景家园东区  1室1厅  59平米  东 南,崇文门租房/中楼层(共17层)/2004年建板楼,6500元/月,https://bj.lianjia.com/xiaoqu/1111027380930/
绿景苑  1室0厅  34平米  南,广渠门租房/高楼层(共12层)/2002年建板塔结合,4600元/月,https://bj.lianjia.com/xiaoqu/1111027377935/
东方财富  1室1厅  44平米  南,广渠门租房/中楼层(共15层)/2006年建板塔结合,5300元/月,https://bj.lianjia.com/xiaoqu/1111027376828/
和平里四区  2室1厅  50平米  南,和平里租房/中楼层(共6层)/1985年建板楼,6300元/月,https://bj.lianjia.com/xiaoqu/1111027375205/
史家胡同  1室1厅  36平米  南,金宝街租房/高楼层(共5层)/1980年建板楼,5800元/月,https://bj.lianjia.com/xiaoqu/1111027379343/
雅安国际公寓  2室1厅  131平米  西北,建国门内租房/高楼层(共18层)/2005年建塔楼,16000元/月,https://bj.lianjia.com/xiaoqu/1111027381489/
美惠大厦  3室1厅  187平米  东 西,朝阳门外租房/低楼层(共15层)/1998年建板塔结合,23000元/月,https://bj.lianjia.com/xiaoqu/1111027378272/
水上华城  1室1厅  79平米  西,广渠门租房/中楼层(共23层)/2006年建板塔结合,7500元/月,https://bj.lianjia.com/xiaoqu/1111027379543/
清水苑  1室1厅  46平米  南,东直门租房/低楼层(共6层)/1995年建板塔结合,5500元/月,https://bj.lianjia.com/xiaoqu/1111027374073/
礼士胡同甲66号院  3室2厅  101平米  南 北,金宝街租房/高楼层(共5层)/1980年建板楼,8500元/月,https://bj.lianjia.com/xiaoqu/1111027378063/
金世纪嘉园  1室1厅  75平米  东南,广渠门租房/高楼层(共21层)/2005年建塔楼,6000元/月,https://bj.lianjia.com/xiaoqu/1111027377351/
聚龙花园  1室2厅  109平米  东,工体租房/中楼层(共14层)/1995年建板塔结合,12000元/月,https://bj.lianjia.com/xiaoqu/1111027377234/
定安里  2室1厅  54平米  南 北,永定门租房/中楼层(共6层)/1980年建板楼,4700元/月,https://bj.lianjia.com/xiaoqu/1111027376735/
前门前  1室1厅  69平米  东,天坛租房/低楼层(共6层)/2009年建板塔结合,7200元/月,https://bj.lianjia.com/xiaoqu/1111027378877/
东营房八条  2室1厅  51平米  东南,工体租房/高楼层(共6层)/1980年建板楼,6300元/月,https://bj.lianjia.com/xiaoqu/1111027374016/
中海紫御公馆  2室2厅  90平米  南 北,陶然亭租房/低楼层(共23层)/2010年建板塔结合,10500元/月,https://bj.lianjia.com/xiaoqu/1111027382485/
正东国际大厦  3室2厅  210平米  南,东直门租房/中楼层(共27层)/2004年建塔楼,22000元/月,https://bj.lianjia.com/xiaoqu/1111027382345/
新景家园西区  2室1厅  117平米  东 西,崇文门租房/低楼层(共11层)/2001年建板塔结合,12000元/月,https://bj.lianjia.com/xiaoqu/1111027380931/
中海紫御公馆  2室2厅  91平米  南 北,陶然亭租房/高楼层(共22层)/2010年建板塔结合,12000元/月,https://bj.lianjia.com/xiaoqu/1111027382485/
雍和家园二期  6室3厅  720平米  南,和平里租房/低楼层(共6层)/2005年建板楼,210000元/月,https://bj.lianjia.com/xiaoqu/1111027381710/
广渠家园  2室1厅  61平米  东 北,广渠门租房/高楼层(共29层)/2009年建板塔结合,6000元/月,https://bj.lianjia.com/xiaoqu/1111027374680/
花市枣苑一期  2室2厅  189平米  西北,东花市租房/高楼层(共18层)/2003年建塔楼,20000元/月,https://bj.lianjia.com/xiaoqu/1111043316306/
禾风相府  1室0厅  36平米  西,金宝街租房/低楼层(共14层)/2008年建板楼,6500元/月,https://bj.lianjia.com/xiaoqu/1111027374965/
幸福北里  2室1厅  60平米  东 西,广渠门租房/高楼层(共6层)/1985年建板楼,6000元/月,https://bj.lianjia.com/xiaoqu/1111027380696/
大羊宜宾胡同31号院  2室1厅  57平米  南 北,建国门内租房/高楼层(共6层)/1990年建板楼,7000元/月,https://bj.lianjia.com/xiaoqu/1111027374050/
国瑞城中区  1室1厅  61平米  南,崇文门租房/中楼层(共16层)/2006年建板塔结合,6500元/月,https://bj.lianjia.com/xiaoqu/1111027374691/
小羊宜宾胡同  3室0厅  72平米  南 北,建国门内租房/高楼层(共16层)/1992年建塔楼,8000元/月,https://bj.lianjia.com/xiaoqu/1111027381425/
富贵园二区  2室1厅  77平米  西北,东花市租房/高楼层(共18层)/2003年建塔楼,7800元/月,https://bj.lianjia.com/xiaoqu/1111027374216/
北京上舍  1室0厅  64平米  北,广渠门租房/中楼层(共15层)/2008年建塔楼,5800元/月,https://bj.lianjia.com/xiaoqu/1111027375933/
小羊宜宾胡同  2室1厅  59平米  东 西,建国门内租房/中楼层(共6层)/1990年建板楼,7000元/月,https://bj.lianjia.com/xiaoqu/1111027381425/
小羊宜宾胡同  3室0厅  72平米  南 北,建国门内租房/高楼层(共16层)/1992年建塔楼,8000元/月,https://bj.lianjia.com/xiaoqu/1111027381425/
北京上舍  1室0厅  57平米  北,广渠门租房/低楼层(共15层)/2008年建塔楼,5500元/月,https://bj.lianjia.com/xiaoqu/1111027375933/
胡家园小区  2室1厅  53平米  东南,东直门租房/中楼层(共6层)/1985年建板楼,6800元/月,https://bj.lianjia.com/xiaoqu/1111027375114/
鼓楼外大街52号  1室1厅  48平米  东南,安定门租房/低楼层(共11层)/1992年建板塔结合,5500元/月,https://bj.lianjia.com/xiaoqu/1111046318849/
东环居苑  1室1厅  65平米  南,广渠门租房/中楼层(共22层)/2004年建塔楼,5500元/月,https://bj.lianjia.com/xiaoqu/1111027376918/
兴隆都市馨园  1室1厅  60平米  南,崇文门租房/低楼层(共6层)/2003年建板楼,6000元/月,https://bj.lianjia.com/xiaoqu/1111027381005/
兴隆都市馨园  1室1厅  53平米  南,崇文门租房/高楼层(共6层)/2003年建板塔结合,6000元/月,https://bj.lianjia.com/xiaoqu/1111027381005/
金鱼池西区  2室1厅  51平米  东,天坛租房/高楼层(共6层)/2000年建板塔结合,5400元/月,https://bj.lianjia.com/xiaoqu/1111027377501/
光明西里  2室1厅  49平米  东 西,广渠门租房/高楼层(共5层)/1970年建板楼,5100元/月,https://bj.lianjia.com/xiaoqu/1111027374671/
南岗子  2室1厅  68平米  南 北,崇文门租房/高楼层(共6层)/1978年建板楼,7300元/月,https://bj.lianjia.com/xiaoqu/1111027378498/
新景家园西区  1室1厅  78平米  南,崇文门租房/低楼层(共9层)/2013年建板楼,8500元/月,https://bj.lianjia.com/xiaoqu/1111027380931/
灯市口西街5号院  1室1厅  36平米  南,灯市口租房/中楼层(共6层)/1986年建板楼,5500元/月,https://bj.lianjia.com/xiaoqu/1111027373856/
南水关  2室1厅  62平米  南,广渠门租房/高楼层(共6层)/1995年建板楼,5500元/月,https://bj.lianjia.com/xiaoqu/1111027378578/
兴隆都市馨园  1室1厅  53平米  南,崇文门租房/高楼层(共6层)/2003年建板塔结合,6000元/月,https://bj.lianjia.com/xiaoqu/1111027381005/
三秀涵雅  1室1厅  67平米  东 南,安定门租房/低楼层(共18层)/2000年建塔楼,7500元/月,https://bj.lianjia.com/xiaoqu/1111027379607/
当代MOMA  3室1厅  182平米  西北,东直门租房/中楼层(共20层)/2008年建塔楼,34000元/月,https://bj.lianjia.com/xiaoqu/1111027380239/
烧酒胡同3号院  4室1厅  127平米  东 南 北,朝阳门内租房/低楼层(共6层)/1998年建板楼,20000元/月,https://bj.lianjia.com/xiaoqu/1111027379349/
和平里东街9号院  2室1厅  80平米  西北,和平里租房/中楼层(共16层)/2000年建塔楼,8000元/月,https://bj.lianjia.com/xiaoqu/1111027375198/
绿景苑  1室1厅  40平米  北,广渠门租房/高楼层(共12层)/2002年建板塔结合,5000元/月,https://bj.lianjia.com/xiaoqu/1111027377935/
冠城名敦道  1室0厅  58平米  南,广渠门租房/低楼层(共23层)/2010年建塔楼,9000元/月,https://bj.lianjia.com/xiaoqu/1111027374519/
金桥国际  1室1厅  63平米  西,广渠门租房/中楼层(共19层)/2004年建塔楼,6600元/月,https://bj.lianjia.com/xiaoqu/1111027377312/
京宝花园  2室1厅  162平米  东 西,安定门租房/低楼层(共12层)/1994年建板楼,13000元/月,https://bj.lianjia.com/xiaoqu/1111027376991/
东环居苑  2室1厅  101平米  西南,广渠门租房/中楼层(共18层)/2004年建塔楼,7800元/月,https://bj.lianjia.com/xiaoqu/1111027376918/
美术馆后街  2室1厅  75平米  东南,东四租房/中楼层(共13层)/1989年建塔楼,8600元/月,https://bj.lianjia.com/xiaoqu/1111027378391/
工体西路  1室1厅  50平米  南,工体租房/低楼层(共5层)/1992年建板楼,6500元/月,https://bj.lianjia.com/xiaoqu/1111027374724/
鸿安国际大厦  4室2厅  235平米  南 北,金宝街租房/高楼层(共13层)/2002年建板塔结合,33000元/月,https://bj.lianjia.com/xiaoqu/1111027374862/
安外东河沿  2室1厅  50平米  东 西 北,安定门租房/高楼层(共11层)/1985年建板塔结合,5800元/月,https://bj.lianjia.com/xiaoqu/1111027375656/
冠城名敦道  3室2厅  168平米  南,广渠门租房/中楼层(共10层)/2009年建板楼,20000元/月,https://bj.lianjia.com/xiaoqu/1111027374519/
骑河楼大街  1室1厅  41平米  东,灯市口租房/中楼层(共6层)/1987年建板楼,5900元/月,https://bj.lianjia.com/xiaoqu/1111027378818/
禾风仕家  1室1厅  64平米  西,金宝街租房/中楼层(共10层)/2008年建板塔结合,7800元/月,https://bj.lianjia.com/xiaoqu/1111027374962/
京宝花园  3室1厅  147平米  北,安定门租房/低楼层(共12层)/1994年建板楼,13000元/月,https://bj.lianjia.com/xiaoqu/1111027376991/
交林  1室1厅  36平米  南,和平里租房/中楼层(共5层)/1980年建板楼,4800元/月,https://bj.lianjia.com/xiaoqu/1111027377225/
青年湖西里  1室1厅  36平米  南,安定门租房/高楼层(共5层)/1986年建板楼,4500元/月,https://bj.lianjia.com/xiaoqu/1111027378894/
花市枣苑一期  1室1厅  70平米  东,东花市租房/高楼层(共18层)/2003年建塔楼,6500元/月,https://bj.lianjia.com/xiaoqu/1111043316306/
新景家园东区  3室1厅  88平米  东 西,崇文门租房/高楼层(共18层)/2005年建板塔结合,11000元/月,https://bj.lianjia.com/xiaoqu/1111027380930/
北京上舍  1室0厅  49平米  北,广渠门租房/低楼层(共15层)/2008年建塔楼,5400元/月,https://bj.lianjia.com/xiaoqu/1111027375933/
崇文门东大街  1室1厅  41平米  南,崇文门租房/中楼层(共14层)/1980年建板楼,5300元/月,https://bj.lianjia.com/xiaoqu/1111027376599/
当代MOMA  1室1厅  91平米  南,东直门租房/中楼层(共18层)/2013年建塔楼,23000元/月,https://bj.lianjia.com/xiaoqu/1111027380239/
府上嘉园  2室1厅  73平米  南,安定门租房/高楼层(共11层)/2007年建板塔结合,11000元/月,https://bj.lianjia.com/xiaoqu/1111027374339/
民委三舍  2室2厅  92平米  南 北,和平里租房/高楼层(共15层)/2001年建板塔结合,8300元/月,https://bj.lianjia.com/xiaoqu/1111027378416/
白桥大街  2室1厅  57平米  东 西,东花市租房/低楼层(共6层)/1980年建板楼,5500元/月,https://bj.lianjia.com/xiaoqu/1111027376039/
体育馆路  2室1厅  48平米  东 南,左安门租房/高楼层(共6层)/1970年建板楼,5600元/月,https://bj.lianjia.com/xiaoqu/1111027380092/
水上华城  1室1厅  81平米  北,广渠门租房/高楼层(共23层)/2005年建板塔结合,7500元/月,https://bj.lianjia.com/xiaoqu/1111027379543/
水上华城  1室0厅  51平米  北,广渠门租房/高楼层(共23层)/2005年建板塔结合,5800元/月,https://bj.lianjia.com/xiaoqu/1111027379543/
太华公寓  1室0厅  64平米  西,崇文门租房/低楼层(共18层)/2000年建塔楼,7500元/月,https://bj.lianjia.com/xiaoqu/1111027379822/
大菊胡同  4室0厅  66平米  东 南,东四租房/低楼层(共1层)/1956年建,28000元/月,https://bj.lianjia.com/xiaoqu/1111027373721/
朝阳门南小街  1室1厅  57平米  西,朝阳门内租房/高楼层(共9层)/2004年建板楼,6500元/月,https://bj.lianjia.com/xiaoqu/1111027376670/
本家润园三期  1室1厅  47平米  北,东花市租房/中楼层(共18层)/2005年建塔楼,5500元/月,https://bj.lianjia.com/xiaoqu/1111043315856/
演乐胡同  2室1厅  51平米  东 南,金宝街租房/中楼层(共6层)/1980年建塔楼,5800元/月,https://bj.lianjia.com/xiaoqu/1111027381863/
东后河沿  2室1厅  72平米  南 北,崇文门租房/中楼层(共16层)/1999年建板塔结合,7500元/月,https://bj.lianjia.com/xiaoqu/1111027376916/
新景家园东区  2室1厅  76平米  南 北,崇文门租房/高楼层(共17层)/2004年建板塔结合,8700元/月,https://bj.lianjia.com/xiaoqu/1111027380930/
仓南胡同14号院  1室1厅  40平米  南,朝阳门内租房/地下室(共6层)/1993年建板楼,5400元/月,https://bj.lianjia.com/xiaoqu/1111027376504/
北官厅胡同2号院  1室1厅  41平米  南 北,东直门租房/中楼层(共6层)/1988年建板楼,6500元/月,https://bj.lianjia.com/xiaoqu/1111027375828/
领行国际  1室0厅  62平米  北,广渠门租房/高楼层(共21层)/2005年建板塔结合,5800元/月,https://bj.lianjia.com/xiaoqu/1111027378129/
领行国际  2室1厅  123平米  南 北,广渠门租房/高楼层(共21层)/2005年建板塔结合,11000元/月,https://bj.lianjia.com/xiaoqu/1111027378129/
聚龙花园  1室1厅  105平米  东,工体租房/中楼层(共14层)/1995年建板塔结合,13500元/月,https://bj.lianjia.com/xiaoqu/1111027377234/
贡院九号  2室2厅  156平米  南,建国门内租房/中楼层(共18层)/2009年建板塔结合,24000元/月,https://bj.lianjia.com/xiaoqu/1111027374795/
新裕家园  1室1厅  76平米  南,崇文门租房/低楼层(共17层)/2004年建板塔结合,9000元/月,https://bj.lianjia.com/xiaoqu/1111027381367/
六铺炕  2室1厅  50平米  东,安定门租房/高楼层(共6层)/1980年建板楼,6000元/月,https://bj.lianjia.com/xiaoqu/1111027378022/
东棉花胡同2号院  3室1厅  70平米  东 西,地安门租房/中楼层(共5层)/1985年建板楼,9000元/月,https://bj.lianjia.com/xiaoqu/1111027373786/
新景家园东区  1室0厅  27平米  西,崇文门租房/低楼层(共15层)/2008年建板塔结合,5000元/月,https://bj.lianjia.com/xiaoqu/1111027380930/
六铺炕  2室1厅  58平米  西北,安定门租房/低楼层(共16层)/1992年建塔楼,6500元/月,https://bj.lianjia.com/xiaoqu/1111027378022/
和平新城一期  2室1厅  112平米  南 北,和平里租房/低楼层(共19层)/2003年建板塔结合,13000元/月,https://bj.lianjia.com/xiaoqu/1111027375215/
广渠门外南街  2室1厅  61平米  东 西,广渠门租房/低楼层(共6层)/1991年建板楼,5200元/月,https://bj.lianjia.com/xiaoqu/1111027374686/
交道口东大街  3室1厅  95平米  南 北,交道口租房/低楼层(共8层)/2002年建板塔结合,12500元/月,https://bj.lianjia.com/xiaoqu/1111027377077/
建国门北大街5号  1室0厅  68平米  北,建国门内租房/中楼层(共24层)/2008年建塔楼,10000元/月,https://bj.lianjia.com/xiaoqu/1111027377016/
宇飞大厦  3房间2卫  58平米  东,东直门租房/中楼层(共15层)/2009年建塔楼,14500元/月,https://bj.lianjia.com/xiaoqu/1111027381618/
香饵胡同  3室1厅  94平米  南 北,交道口租房/低楼层(共6层)/2003年建板楼,13000元/月,https://bj.lianjia.com/xiaoqu/1111027380693/
地坛北里  2室1厅  54平米  南,和平里租房/高楼层(共5层)/1990年建板楼,6800元/月,https://bj.lianjia.com/xiaoqu/1111027373924/
太华公寓  1室1厅  107平米  东,崇文门租房/高楼层(共18层)/2000年建塔楼,11000元/月,https://bj.lianjia.com/xiaoqu/1111027379822/
东水井胡同  3室1厅  84平米  西北,朝阳门内租房/中楼层(共15层)/2005年建塔楼,11000元/月,https://bj.lianjia.com/xiaoqu/1111027373848/
朝阳门南小街  2室1厅  81平米  西南,朝阳门内租房/中楼层(共11层)/2004年建板塔结合,10000元/月,https://bj.lianjia.com/xiaoqu/1111027376670/
兴隆都市馨园  1室0厅  19平米  南,崇文门租房/低楼层(共7层)/2004年建塔楼,3300元/月,https://bj.lianjia.com/xiaoqu/1111027381005/
永康胡同5号院  3室1厅  69平米  南 北,安定门租房/高楼层(共6层)/1982年建板楼,8500元/月,https://bj.lianjia.com/xiaoqu/1111027381843/
永康胡同1号院  1室1厅  53平米  西 北,安定门租房/高楼层(共7层)/2002年建板楼,5800元/月,https://bj.lianjia.com/xiaoqu/1111027381841/
北新桥三条64号院  2室1厅  62平米  南 北,东直门租房/高楼层(共6层)/1985年建塔楼,7000元/月,https://bj.lianjia.com/xiaoqu/1111046279536/
大经厂胡同  2室0厅  52平米  南,地安门租房/低楼层(共1层)/,8000元/月,https://bj.lianjia.com/xiaoqu/1111027373710/
京禧阁  2室1厅  119平米  西南,广渠门租房/低楼层(共22层)/2013年建塔楼,12000元/月,https://bj.lianjia.com/xiaoqu/1111047229050/
阳光都市  2室1厅  106平米  东,工体租房/中楼层(共24层)/2000年建塔楼,14000元/月,https://bj.lianjia.com/xiaoqu/1111027381655/
永定门东街东里  2室0厅  52平米  南,天坛租房/低楼层(共6层)/1976年建板楼,5000元/月,https://bj.lianjia.com/xiaoqu/1111027381582/
演乐胡同  2室1厅  51平米  东南,金宝街租房/高楼层(共6层)/1980年建塔楼,6700元/月,https://bj.lianjia.com/xiaoqu/1111027381863/
景泰东里  2室1厅  61平米  南 北,蒲黄榆租房/高楼层(共6层)/1994年建板楼,5000元/月,https://bj.lianjia.com/xiaoqu/1111027377390/
东直门内北小街2号院  3室2厅  244平米  西南,东直门租房/高楼层(共20层)/2003年建塔楼,26000元/月,https://bj.lianjia.com/xiaoqu/1111027374077/
花梗胡同1号院  2室1厅  48平米  南,交道口租房/低楼层(共6层)/1985年建板楼,6500元/月,https://bj.lianjia.com/xiaoqu/1111027374989/
大格巷  2室0厅  58平米  南,安定门租房/低楼层(共1层)/平房,5500元/月,https://bj.lianjia.com/xiaoqu/1111027376886/
禾风仕家  3室2厅  76平米  南,金宝街租房/低楼层(共10层)/2008年建板塔结合,25000元/月,https://bj.lianjia.com/xiaoqu/1111027374962/
鸿安国际大厦  2室1厅  152平米  西南,金宝街租房/高楼层(共13层)/2004年建板塔结合,17000元/月,https://bj.lianjia.com/xiaoqu/1111027374862/
海晟名苑  3室1厅  148平米  东,工体租房/低楼层(共18层)/2003年建板塔结合,23000元/月,https://bj.lianjia.com/xiaoqu/1111027375280/
鸿安国际大厦  2室1厅  152平米  西南,金宝街租房/高楼层(共13层)/2004年建板塔结合,17000元/月,https://bj.lianjia.com/xiaoqu/1111027374862/
永康胡同1号院  2室1厅  67平米  东 西,安定门租房/低楼层(共7层)/2002年建板楼,7000元/月,https://bj.lianjia.com/xiaoqu/1111027381841/
朝阳门北小街  3室1厅  85平米  南 北,朝阳门内租房/低楼层(共6层)/2003年建板楼,13000元/月,https://bj.lianjia.com/xiaoqu/1111027376666/
海晟名苑  3室2厅  153平米  西南 北,工体租房/高楼层(共22层)/2003年建板塔结合,23000元/月,https://bj.lianjia.com/xiaoqu/1111027375280/
海晟名苑  4室2厅  242平米  南 北,工体租房/中楼层(共20层)/2005年建板楼,40000元/月,https://bj.lianjia.com/xiaoqu/1111027375280/
万国城MOMA  2室2厅  143平米  东北,东直门租房/低楼层(共31层)/2006年建塔楼,22000元/月,https://bj.lianjia.com/xiaoqu/1111027380242/
凯景铭座  2室1厅  137平米  南 北,安定门租房/中楼层(共19层)/2001年建塔楼,11000元/月,https://bj.lianjia.com/xiaoqu/1111027377631/
金世纪嘉园  2室2厅  105平米  东南,广渠门租房/中楼层(共18层)/2003年建塔楼,8300元/月,https://bj.lianjia.com/xiaoqu/1111027377351/
新怡家园  1室0厅  52平米  北,崇文门租房/低楼层(共13层)/2006年建板楼,7000元/月,https://bj.lianjia.com/xiaoqu/1111027381364/
京城仁合  2室1厅  100平米  东,广渠门租房/高楼层(共16层)/2002年建板塔结合,9500元/月,https://bj.lianjia.com/xiaoqu/1111027377023/
安外东河沿  2室1厅  59平米  南,安定门租房/中楼层(共16层)/1992年建塔楼,7600元/月,https://bj.lianjia.com/xiaoqu/1111027375656/
新景家园东区  3室1厅  141平米  南 北,崇文门租房/低楼层(共15层)/2008年建板塔结合,17500元/月,https://bj.lianjia.com/xiaoqu/1111027380930/
琉璃井东街  2室1厅  50平米  南,永定门租房/中楼层(共6层)/1980年建板楼,5000元/月,https://bj.lianjia.com/xiaoqu/1111027377970/
青年湖东里  2室1厅  78平米  南 北,安定门租房/中楼层(共18层)/1988年建塔楼,8500元/月,https://bj.lianjia.com/xiaoqu/1111027378889/
兴隆都市馨园  1室1厅  61平米  南 北,崇文门租房/中楼层(共6层)/2003年建板塔结合,5600元/月,https://bj.lianjia.com/xiaoqu/1111027381005/
富贵园三区  3室1厅  104平米  东南,东花市租房/低楼层(共18层)/2002年建塔楼,11000元/月,https://bj.lianjia.com/xiaoqu/1111027374220/
东四六条  1室1厅  90平米  南,东四租房/低楼层(共1层)/板楼,13000元/月,https://bj.lianjia.com/xiaoqu/1111027373862/
民安小区民安街  3室2厅  112平米  南 北,东直门租房/高楼层(共6层)/2002年建板楼,16000元/月,https://bj.lianjia.com/xiaoqu/1111027378240/
冠城名敦道  2室2厅  129平米  南 北,广渠门租房/中楼层(共17层)/2009年建板楼,14500元/月,https://bj.lianjia.com/xiaoqu/1111027374519/
安德路乙61号院  2室1厅  59平米  东,安定门租房/中楼层(共12层)/1989年建塔楼,6800元/月,https://bj.lianjia.com/xiaoqu/1111027375578/
贡院九号  2室2厅  159平米  南 北,建国门内租房/中楼层(共18层)/2009年建板塔结合,23000元/月,https://bj.lianjia.com/xiaoqu/1111027374795/
广渠家园  1室1厅  51平米  西,广渠门租房/高楼层(共29层)/2009年建板塔结合,5400元/月,https://bj.lianjia.com/xiaoqu/1111027374680/
永内西街北里  2室1厅  55平米  东 西,永定门租房/高楼层(共6层)/1982年建板楼,5000元/月,https://bj.lianjia.com/xiaoqu/1111027381927/
兴隆都市馨园  1室0厅  28平米  南,崇文门租房/低楼层(共7层)/2004年建塔楼,4600元/月,https://bj.lianjia.com/xiaoqu/1111027381005/
和平里二区  2室2厅  90平米  东,和平里租房/低楼层(共21层)/2006年建塔楼,9500元/月,https://bj.lianjia.com/xiaoqu/1111027375199/
万国城MOMA  2室2厅  146平米  东北,东直门租房/未知楼层(共22层)/2006年建塔楼,24000元/月,https://bj.lianjia.com/xiaoqu/1111027380242/
小黄庄一区  1室1厅  46平米  东,安贞租房/中楼层(共21层)/1990年建板塔结合,6000元/月,https://bj.lianjia.com/xiaoqu/1111027380911/
民旺园  1室1厅  49平米  西,和平里租房/高楼层(共9层)/1996年建板塔结合,5500元/月,https://bj.lianjia.com/xiaoqu/1111027378417/
金鱼池东区  2室1厅  71平米  东 西,天坛租房/高楼层(共6层)/2002年建板塔结合,7000元/月,https://bj.lianjia.com/xiaoqu/1111027377499/
安外大街  1室1厅  46平米  东,安贞租房/高楼层(共16层)/1994年建板楼,5300元/月,https://bj.lianjia.com/xiaoqu/1111027375657/
金鱼池东区  2室1厅  71平米  东 西,天坛租房/高楼层(共6层)/2002年建板塔结合,7000元/月,https://bj.lianjia.com/xiaoqu/1111027377499/
沙滩南巷  2室1厅  51平米  南,灯市口租房/高楼层(共5层)/1985年建板楼,6600元/月,https://bj.lianjia.com/xiaoqu/1111040863005/
六铺炕  2室1厅  57平米  东,安定门租房/中楼层(共5层)/1980年建板楼,6500元/月,https://bj.lianjia.com/xiaoqu/1111027378022/
冠城名敦道  1室0厅  53平米  西,广渠门租房/高楼层(共23层)/2009年建塔楼,6500元/月,https://bj.lianjia.com/xiaoqu/1111027374519/
远洋德邑  3室2厅  169平米  东南,广渠门租房/高楼层(共14层)/2002年建板塔结合,16000元/月,https://bj.lianjia.com/xiaoqu/1111027382190/
正东国际大厦  3室1厅  243平米  南,东直门租房/高楼层(共27层)/2004年建塔楼,21000元/月,https://bj.lianjia.com/xiaoqu/1111027382345/
西水井胡同  2室1厅  74平米  东 西,朝阳门内租房/高楼层(共15层)/2006年建板塔结合,8500元/月,https://bj.lianjia.com/xiaoqu/1111027381160/
海晟名苑  2室1厅  93平米  西,工体租房/中楼层(共22层)/2006年建板塔结合,15500元/月,https://bj.lianjia.com/xiaoqu/1111027375280/
忠实里  2室1厅  67平米  东南,广渠门租房/低楼层(共16层)/1980年建塔楼,6500元/月,https://bj.lianjia.com/xiaoqu/1111027382642/
阳光都市  3室1厅  175平米  西北,工体租房/低楼层(共24层)/2000年建塔楼,20000元/月,https://bj.lianjia.com/xiaoqu/1111027381655/
太华公寓  1室1厅  113平米  东南,崇文门租房/高楼层(共17层)/2000年建塔楼,14000元/月,https://bj.lianjia.com/xiaoqu/1111027379822/
万国城MOMA  3室2厅  171平米  西南,东直门租房/高楼层(共26层)/2002年建塔楼,25000元/月,https://bj.lianjia.com/xiaoqu/1111027380242/
海晟名苑  3室1厅  145平米  东,工体租房/中楼层(共17层)/2005年建板塔结合,21000元/月,https://bj.lianjia.com/xiaoqu/1111027375280/
民旺园  2室1厅  40平米  东 西,和平里租房/高楼层(共5层)/1989年建板楼,5800元/月,https://bj.lianjia.com/xiaoqu/1111027378417/
海晟名苑  2室2厅  97平米  西,工体租房/高楼层(共18层)/2003年建板塔结合,16000元/月,https://bj.lianjia.com/xiaoqu/1111027375280/
雍和家园一期  2室1厅  97平米  西南,和平里租房/低楼层(共16层)/2001年建板塔结合,13000元/月,https://bj.lianjia.com/xiaoqu/1111027381711/
仓南胡同14号院  3室1厅  79平米  西南,朝阳门内租房/低楼层(共6层)/1993年建板楼,9500元/月,https://bj.lianjia.com/xiaoqu/1111027376504/
兴化西里  4室2厅  123平米  东 西,和平里租房/高楼层(共6层)/2005年建板楼,15000元/月,https://bj.lianjia.com/xiaoqu/1111027380878/
地坛北门  1室1厅  38平米  南,和平里租房/中楼层(共5层)/1975年建板楼,5000元/月,https://bj.lianjia.com/xiaoqu/1111027373925/
华世隆国际公寓  3室1厅  153平米  南,安贞租房/低楼层(共8层)/2001年建塔楼,16000元/月,https://bj.lianjia.com/xiaoqu/1111027375277/
万国城MOMA  4室2厅  304平米  南 西 北,东直门租房/中楼层(共26层)/2006年建板楼,45000元/月,https://bj.lianjia.com/xiaoqu/1111027380242/
当代MOMA  4室2厅  290平米  南 北,东直门租房/中楼层(共7层)/2006年建板楼,55000元/月,https://bj.lianjia.com/xiaoqu/1111027380239/
仓南胡同14号院  2室1厅  70平米  南 北,朝阳门内租房/地下室(共6层)/1993年建板楼,8000元/月,https://bj.lianjia.com/xiaoqu/1111027376504/
李村东里  1室1厅  43平米  西,永定门租房/高楼层(共6层)/1982年建板楼,3900元/月,https://bj.lianjia.com/xiaoqu/1111027377738/
兴化西里  4室1厅  136平米  南 北,和平里租房/高楼层(共6层)/2006年建板楼,14500元/月,https://bj.lianjia.com/xiaoqu/1111027380878/
兴隆都市馨园  3室1厅  94平米  南 北,崇文门租房/高楼层(共6层)/2003年建板塔结合,12000元/月,https://bj.lianjia.com/xiaoqu/1111027381005/
土儿胡同  2室1厅  66平米  南 北,交道口租房/中楼层(共6层)/2003年建板楼,8800元/月,https://bj.lianjia.com/xiaoqu/1111027379801/
广渠门内大街  1室1厅  44平米  南,广渠门租房/高楼层(共16层)/1985年建塔楼,4600元/月,https://bj.lianjia.com/xiaoqu/1111027374682/
豆瓣胡同  2室1厅  72平米  东,朝阳门内租房/中楼层(共10层)/2003年建板楼,8600元/月,https://bj.lianjia.com/xiaoqu/1111027376748/
朝阳门南小街  2室1厅  69平米  南 北,朝阳门内租房/高楼层(共11层)/2004年建板塔结合,8200元/月,https://bj.lianjia.com/xiaoqu/1111027376670/
豆瓣胡同  2室1厅  72平米  东,朝阳门内租房/中楼层(共10层)/2003年建板楼,8600元/月,https://bj.lianjia.com/xiaoqu/1111027376748/
和平里七区  1室1厅  40平米  南,和平里租房/中楼层(共5层)/1987年建板楼,5500元/月,https://bj.lianjia.com/xiaoqu/1111027375203/
太华公寓  1室1厅  107平米  北,崇文门租房/中楼层(共17层)/2000年建塔楼,11000元/月,https://bj.lianjia.com/xiaoqu/1111027379822/
新景家园东区  1室0厅  30平米  西,崇文门租房/低楼层(共15层)/2008年建板塔结合,4600元/月,https://bj.lianjia.com/xiaoqu/1111027380930/
幸福南里  3室2厅  125平米  南 北,广渠门租房/中楼层(共4层)/1965年建板楼,9000元/月,https://bj.lianjia.com/xiaoqu/1111027380717/
左安漪园  2室1厅  83平米  北,左安门租房/中楼层(共15层)/2004年建板塔结合,8000元/月,https://bj.lianjia.com/xiaoqu/1111027382286/
新景家园东区  1室0厅  41平米  东,崇文门租房/低楼层(共15层)/2008年建板塔结合,5200元/月,https://bj.lianjia.com/xiaoqu/1111027380930/
车辇店胡同  1室1厅  54平米  西南,安定门租房/中楼层(共11层)/2001年建板楼,5700元/月,https://bj.lianjia.com/xiaoqu/1111027376493/
安德里北街25号院  2室1厅  53平米  东,安定门租房/中楼层(共17层)/1990年建塔楼,6700元/月,https://bj.lianjia.com/xiaoqu/1111027375577/
土儿胡同  2室1厅  69平米  东 西,交道口租房/中楼层(共6层)/2002年建板楼,8600元/月,https://bj.lianjia.com/xiaoqu/1111027379801/
雍和家园二期  1室0厅  91平米  东,和平里租房/高楼层(共6层)/2005年建板楼,15000元/月,https://bj.lianjia.com/xiaoqu/1111027381710/
安德路55号院  3室1厅  66平米  东 西,安定门租房/低楼层(共6层)/1985年建板楼,7300元/月,https://bj.lianjia.com/xiaoqu/1111027375573/
交道口东大街  1室1厅  53平米  北,交道口租房/中楼层(共11层)/2002年建板塔结合,6900元/月,https://bj.lianjia.com/xiaoqu/1111027377077/
甘雨胡同  1室1厅  45平米  南,灯市口租房/高楼层(共6层)/1988年建板楼,6000元/月,https://bj.lianjia.com/xiaoqu/1111027374784/
仓夹道  3室1厅  88平米  东南 西 北,东直门租房/高楼层(共23层)/2003年建塔楼,12500元/月,https://bj.lianjia.com/xiaoqu/1111027376456/
雍和家园一期  3室2厅  202平米  南 西南 西,和平里租房/低楼层(共16层)/2003年建板塔结合,23000元/月,https://bj.lianjia.com/xiaoqu/1111027381711/
国瑞城西区  4室1厅  258平米  东南,崇文门租房/高楼层(共16层)/2008年建塔楼,32000元/月,https://bj.lianjia.com/xiaoqu/1111027374690/
左安漪园  4室1厅  173平米  东 南,左安门租房/中楼层(共18层)/2004年建板塔结合,16000元/月,https://bj.lianjia.com/xiaoqu/1111027382286/
宇飞大厦  2房间2卫  64平米  东南,东直门租房/高楼层(共15层)/2009年建塔楼,15000元/月,https://bj.lianjia.com/xiaoqu/1111027381618/
广渠门外南街  1室1厅  42平米  西,广渠门租房/中楼层(共6层)/1991年建板楼,4400元/月,https://bj.lianjia.com/xiaoqu/1111027374686/
正东国际大厦  3室1厅  210平米  西北,东直门租房/高楼层(共27层)/2004年建塔楼,21000元/月,https://bj.lianjia.com/xiaoqu/1111027382345/
海晟名苑  2室1厅  94平米  西,工体租房/中楼层(共17层)/2004年建板塔结合,15500元/月,https://bj.lianjia.com/xiaoqu/1111027375280/
万国城MOMA  3室2厅  171平米  东南,东直门租房/中楼层(共26层)/2004年建塔楼,25000元/月,https://bj.lianjia.com/xiaoqu/1111027380242/
黄寺大街28号院  2室1厅  71平米  南,安定门租房/高楼层(共15层)/1989年建塔楼,7000元/月,https://bj.lianjia.com/xiaoqu/1111027375258/
胡家园小区  2室1厅  59平米  东北,东直门租房/高楼层(共6层)/1985年建板楼,6500元/月,https://bj.lianjia.com/xiaoqu/1111027375114/
冠城名敦道  1室0厅  63平米  西,广渠门租房/高楼层(共23层)/2009年建塔楼,6800元/月,https://bj.lianjia.com/xiaoqu/1111027374519/
万国城MOMA  1室0厅  45平米  东,东直门租房/高楼层(共27层)/2004年建塔楼,8000元/月,https://bj.lianjia.com/xiaoqu/1111027380242/
青年湖北里  2室1厅  49平米  东南,安定门租房/低楼层(共6层)/1988年建板楼,7000元/月,https://bj.lianjia.com/xiaoqu/1111027378887/
海运仓小区  2室1厅  66平米  南 北,东直门租房/中楼层(共7层)/2003年建板楼,7600元/月,https://bj.lianjia.com/xiaoqu/1111027375430/
东花市北里东区  2室2厅  94平米  南 北,东花市租房/高楼层(共6层)/1990年建板楼,8500元/月,https://bj.lianjia.com/xiaoqu/1111027373683/
元嘉国际公寓  4室1厅  161平米  西北,东直门租房/高楼层(共7层)/2003年建塔楼,25000元/月,https://bj.lianjia.com/xiaoqu/1111027381776/
史家胡同20号院  2室1厅  51平米  东南,金宝街租房/中楼层(共5层)/1980年建板楼,8200元/月,https://bj.lianjia.com/xiaoqu/1111027379348/
青年湖北里  2室1厅  49平米  东南,安定门租房/低楼层(共6层)/1988年建板楼,7000元/月,https://bj.lianjia.com/xiaoqu/1111027378887/
黄寺大街28号院  2室1厅  71平米  南,安定门租房/高楼层(共15层)/1989年建塔楼,7000元/月,https://bj.lianjia.com/xiaoqu/1111027375258/
东花市北里东区  2室2厅  94平米  南 北,东花市租房/高楼层(共6层)/1990年建板楼,8500元/月,https://bj.lianjia.com/xiaoqu/1111027373683/
幸福家园一期  2室1厅  86平米  北,广渠门租房/低楼层(共18层)/2002年建塔楼,8200元/月,https://bj.lianjia.com/xiaoqu/1111043313490/
国瑞城中区  3室2厅  187平米  南 北,崇文门租房/中楼层(共15层)/2006年建板楼,25000元/月,https://bj.lianjia.com/xiaoqu/1111027374691/
和平新城一期  1室0厅  55平米  北,和平里租房/低楼层(共19层)/2003年建板塔结合,6200元/月,https://bj.lianjia.com/xiaoqu/1111027375215/
豆瓣胡同  2室1厅  71平米  东 西,朝阳门内租房/高楼层(共12层)/2003年建板楼,9000元/月,https://bj.lianjia.com/xiaoqu/1111027376748/
新景家园东区  1室1厅  56平米  南,崇文门租房/高楼层(共13层)/2006年建板塔结合,7300元/月,https://bj.lianjia.com/xiaoqu/1111027380930/
国瑞城西区  2室1厅  147平米  西,崇文门租房/中楼层(共16层)/2008年建塔楼,16500元/月,https://bj.lianjia.com/xiaoqu/1111027374690/
太华公寓  1室1厅  108平米  东 南,崇文门租房/中楼层(共17层)/2000年建塔楼,13000元/月,https://bj.lianjia.com/xiaoqu/1111027379822/
安德路47号院  1室1厅  36平米  东,安定门租房/低楼层(共6层)/1990年建板楼,4500元/月,https://bj.lianjia.com/xiaoqu/1111027375572/
太华公寓  2室1厅  151平米  西,崇文门租房/低楼层(共18层)/2000年建塔楼,16000元/月,https://bj.lianjia.com/xiaoqu/1111027379822/
和平里七区  2室1厅  54平米  南,和平里租房/中楼层(共5层)/1984年建板楼,6500元/月,https://bj.lianjia.com/xiaoqu/1111027375203/
朝阳门南小街  1室1厅  54平米  东,朝阳门内租房/中楼层(共14层)/2004年建板塔结合,7000元/月,https://bj.lianjia.com/xiaoqu/1111027376670/
禾风相府  3室2厅  164平米  南 北,金宝街租房/中楼层(共14层)/2008年建板塔结合,29000元/月,https://bj.lianjia.com/xiaoqu/1111027374965/
金世纪嘉园  1室1厅  65平米  西北,广渠门租房/中楼层(共18层)/2003年建塔楼,6000元/月,https://bj.lianjia.com/xiaoqu/1111027377351/
新景家园东区  2室1厅  82平米  南 北,崇文门租房/低楼层(共12层)/2004年建板楼,8200元/月,https://bj.lianjia.com/xiaoqu/1111027380930/
朝阳首府  2室1厅  104平米  东北,朝阳门内租房/中楼层(共15层)/2009年建塔楼,15500元/月,https://bj.lianjia.com/xiaoqu/1111027376676/
自由季  1房间1卫  56平米  西,广渠门租房/中楼层(共10层)/2010年建板塔结合,5000元/月,https://bj.lianjia.com/xiaoqu/1111027382750/
水上华城  1室1厅  67平米  西,广渠门租房/高楼层(共22层)/2006年建板塔结合,6800元/月,https://bj.lianjia.com/xiaoqu/1111027379543/
东四十条甲34号院  2室1厅  62平米  东南,朝阳门内租房/中楼层(共18层)/1990年建塔楼,7800元/月,https://bj.lianjia.com/xiaoqu/1111027373900/
竹杆胡同  2室1厅  67平米  南 北,朝阳门内租房/高楼层(共6层)/2003年建板楼,8600元/月,https://bj.lianjia.com/xiaoqu/1111027382420/
琉璃井东街  2室1厅  52平米  南,永定门租房/低楼层(共6层)/1980年建板楼,4500元/月,https://bj.lianjia.com/xiaoqu/1111027377970/
民主北街22号院  2室1厅  51平米  南,永定门租房/中楼层(共5层)/1970年建板楼,4800元/月,https://bj.lianjia.com/xiaoqu/1111027378438/
民旺园  1室1厅  47平米  西,和平里租房/低楼层(共9层)/1996年建板塔结合,5000元/月,https://bj.lianjia.com/xiaoqu/1111027378417/
景泰西里西区  1室1厅  60平米  南,永定门租房/高楼层(共10层)/2005年建板塔结合,6000元/月,https://bj.lianjia.com/xiaoqu/1111027377413/
朝阳门南小街  2室1厅  80平米  西,朝阳门内租房/高楼层(共9层)/2003年建板楼,8300元/月,https://bj.lianjia.com/xiaoqu/1111027376670/
东直门南大街  2室1厅  65平米  东,东直门租房/低楼层(共18层)/1990年建板塔结合,7200元/月,https://bj.lianjia.com/xiaoqu/1111027374081/
民旺园  1室1厅  47平米  西,和平里租房/低楼层(共9层)/1996年建板塔结合,5000元/月,https://bj.lianjia.com/xiaoqu/1111027378417/
景泰西里西区  1室1厅  60平米  南,永定门租房/高楼层(共10层)/2005年建板塔结合,6000元/月,https://bj.lianjia.com/xiaoqu/1111027377413/
冠城名敦道  2室1厅  84平米  西南,广渠门租房/未知楼层(共23层)/2009年建塔楼,12000元/月,https://bj.lianjia.com/xiaoqu/1111027374519/
兴隆都市馨园  1室1厅  60平米  南 北,崇文门租房/低楼层(共6层)/2003年建板塔结合,5800元/月,https://bj.lianjia.com/xiaoqu/1111027381005/
金世纪嘉园  2室1厅  87平米  南,广渠门租房/中楼层(共21层)/2005年建塔楼,6500元/月,https://bj.lianjia.com/xiaoqu/1111027377351/
华世隆国际公寓  2室1厅  155平米  南 北,安贞租房/中楼层(共8层)/2001年建塔楼,16800元/月,https://bj.lianjia.com/xiaoqu/1111027375277/
金鱼池西区  3室2厅  111平米  南 北,天坛租房/高楼层(共6层)/2002年建板塔结合,11000元/月,https://bj.lianjia.com/xiaoqu/1111027377501/
佳汇中心  3室1厅  130平米  东北,工体租房/低楼层(共16层)/2000年建塔楼,22500元/月,https://bj.lianjia.com/xiaoqu/1111027377190/
朝阳门南小街  2室1厅  74平米  南 北,朝阳门内租房/高楼层(共11层)/2003年建板塔结合,8500元/月,https://bj.lianjia.com/xiaoqu/1111027376670/
富贵园二区  2室1厅  76平米  西,东花市租房/高楼层(共18层)/2003年建板塔结合,7300元/月,https://bj.lianjia.com/xiaoqu/1111027374216/
太华公寓  1室0厅  64平米  北,崇文门租房/高楼层(共17层)/2000年建塔楼,8500元/月,https://bj.lianjia.com/xiaoqu/1111027379822/
金鱼池东区  1室0厅  42平米  西,天坛租房/中楼层(共6层)/2002年建板塔结合,5300元/月,https://bj.lianjia.com/xiaoqu/1111027377499/
东直门内北小街8号院  1室1厅  63平米  东 西,东直门租房/中楼层(共13层)/2003年建板塔结合,7000元/月,https://bj.lianjia.com/xiaoqu/1111027374078/
左安浦园  1室1厅  62平米  南 西,左安门租房/中楼层(共18层)/2004年建板楼,5200元/月,https://bj.lianjia.com/xiaoqu/1111027382283/
安德路59号  1室1厅  41平米  南,安定门租房/高楼层(共6层)/1988年建板楼,5700元/月,https://bj.lianjia.com/xiaoqu/1111027375574/
竹杆胡同  2室1厅  69平米  西南,朝阳门内租房/低楼层(共9层)/2003年建板楼,8500元/月,https://bj.lianjia.com/xiaoqu/1111027382420/
忠实里  2室1厅  57平米  西北,广渠门租房/中楼层(共16层)/1980年建塔楼,6000元/月,https://bj.lianjia.com/xiaoqu/1111027382642/
胡家园小区  2室1厅  48平米  南,东直门租房/低楼层(共6层)/1985年建板楼,6200元/月,https://bj.lianjia.com/xiaoqu/1111027375114/
东外公馆  1室0厅  45平米  南,工体租房/高楼层(共11层)/2007年建板塔结合,7000元/月,https://bj.lianjia.com/xiaoqu/1111027373954/
远洋德邑  3室1厅  174平米  南 北,广渠门租房/中楼层(共8层)/2002年建板塔结合,13500元/月,https://bj.lianjia.com/xiaoqu/1111027382190/
海晟名苑  2室2厅  127平米  南 北,工体租房/中楼层(共18层)/2004年建板塔结合,20000元/月,https://bj.lianjia.com/xiaoqu/1111027375280/
台基厂三条  2室0厅  51平米  南 北,前门租房/地下室(共6层)/1985年建板楼,5600元/月,https://bj.lianjia.com/xiaoqu/1111027379858/
聚龙花园  2室2厅  190平米  南 北,工体租房/中楼层(共8层)/1993年建板塔结合,20000元/月,https://bj.lianjia.com/xiaoqu/1111027377234/
当代MOMA  1室1厅  105平米  东,东直门租房/中楼层(共21层)/2006年建塔楼,22000元/月,https://bj.lianjia.com/xiaoqu/1111027380239/
豆瓣胡同  3室1厅  85平米  南 北,朝阳门内租房/中楼层(共12层)/2003年建板楼,12000元/月,https://bj.lianjia.com/xiaoqu/1111027376748/
新景家园西区  2室1厅  116平米  西北,崇文门租房/中楼层(共11层)/2001年建板塔结合,13000元/月,https://bj.lianjia.com/xiaoqu/1111027380931/
琉璃井路  2室1厅  62平米  南,永定门租房/中楼层(共12层)/1987年建板塔结合,5500元/月,https://bj.lianjia.com/xiaoqu/1111027377971/
西水井胡同  2室1厅  68平米  南 北,朝阳门内租房/中楼层(共6层)/2003年建板楼,8500元/月,https://bj.lianjia.com/xiaoqu/1111027381160/
安化北里  2室1厅  54平米  南,广渠门租房/高楼层(共6层)/1980年建板楼,5000元/月,https://bj.lianjia.com/xiaoqu/1111027375590/
西革新里104号  3室2厅  122平米  南 西 北,西罗园租房/中楼层(共6层)/1996年建板楼,8500元/月,https://bj.lianjia.com/xiaoqu/1111027380767/
东公街64号院  2室1厅  55平米  南 北,地安门租房/低楼层(共6层)/1985年建板楼,6600元/月,https://bj.lianjia.com/xiaoqu/1111027376882/
东中街  3室2厅  107平米  南 北,东直门租房/中楼层(共6层)/1998年建板楼,15000元/月,https://bj.lianjia.com/xiaoqu/1111027374065/
和平新城一期  3室1厅  140平米  南 西北,和平里租房/低楼层(共20层)/2003年建板塔结合,15000元/月,https://bj.lianjia.com/xiaoqu/1111027375215/
南弓匠营胡同  4室2厅  116平米  南 北,朝阳门内租房/高楼层(共6层)/2003年建板楼,14000元/月,https://bj.lianjia.com/xiaoqu/1111027378491/
中海紫御公馆  2室2厅  91平米  南 北,陶然亭租房/低楼层(共22层)/2010年建板塔结合,13000元/月,https://bj.lianjia.com/xiaoqu/1111027382485/
东花市北里中区  2室2厅  105平米  南 北,东花市租房/高楼层(共6层)/1994年建板楼,10500元/月,https://bj.lianjia.com/xiaoqu/1111027373685/
正东国际大厦  2室2厅  210平米  南 西,东直门租房/中楼层(共27层)/2004年建塔楼,25000元/月,https://bj.lianjia.com/xiaoqu/1111027382345/
大方家胡同  2室1厅  76平米  南 北,朝阳门内租房/低楼层(共16层)/2003年建板塔结合,8500元/月,https://bj.lianjia.com/xiaoqu/1111027376836/
海晟名苑  3室1厅  148平米  东,工体租房/低楼层(共20层)/2003年建板塔结合,22000元/月,https://bj.lianjia.com/xiaoqu/1111027375280/
悠胜美苑  2室1厅  58平米  西,西罗园租房/中楼层(共20层)/2003年建板塔结合,8000元/月,https://bj.lianjia.com/xiaoqu/1111027382035/
民安小区东羊管胡同  2室1厅  73平米  东 西,东直门租房/低楼层(共14层)/2002年建板塔结合,11000元/月,https://bj.lianjia.com/xiaoqu/1111027374021/
金世纪嘉园  2室1厅  106平米  东南,广渠门租房/低楼层(共18层)/2003年建塔楼,8300元/月,https://bj.lianjia.com/xiaoqu/1111027377351/
太华公寓  2室1厅  151平米  西,崇文门租房/高楼层(共18层)/2000年建塔楼,16000元/月,https://bj.lianjia.com/xiaoqu/1111027379822/
富贵园三区  1室1厅  55平米  南,东花市租房/高楼层(共18层)/2002年建塔楼,6000元/月,https://bj.lianjia.com/xiaoqu/1111027374220/
安外西河沿  2室1厅  59平米  南,安定门租房/低楼层(共12层)/1983年建板楼,7000元/月,https://bj.lianjia.com/xiaoqu/1111027380887/
和平新城一期  2室1厅  102平米  南 北,和平里租房/中楼层(共20层)/2003年建板塔结合,12000元/月,https://bj.lianjia.com/xiaoqu/1111027375215/
和平里六区  1室1厅  50平米  南,和平里租房/低楼层(共18层)/1993年建塔楼,6300元/月,https://bj.lianjia.com/xiaoqu/1111027375202/
甘雨胡同  1室1厅  45平米  南,灯市口租房/高楼层(共6层)/1988年建板楼,5800元/月,https://bj.lianjia.com/xiaoqu/1111027374784/
铂晶豪庭  2室2厅  120平米  西,工体租房/高楼层(共11层)/2011年建塔楼,17000元/月,https://bj.lianjia.com/xiaoqu/1111041129296/
前炒面胡同  4室1厅  170平米  东 南 西 北,金宝街租房/低楼层(共1层)/1990年建平房,15000元/月,https://bj.lianjia.com/xiaoqu/1111027378788/
建予园  2室1厅  93平米  东北,西罗园租房/低楼层(共16层)/2001年建塔楼,6500元/月,https://bj.lianjia.com/xiaoqu/1111027377548/
富贵园二区  2室1厅  81平米  西南,东花市租房/中楼层(共18层)/2003年建塔楼,7700元/月,https://bj.lianjia.com/xiaoqu/1111027374216/
京宝花园  1室1厅  78平米  西,安定门租房/低楼层(共12层)/1994年建板楼,7500元/月,https://bj.lianjia.com/xiaoqu/1111027376991/
仓南胡同12号院  2室1厅  61平米  南 北,朝阳门内租房/低楼层(共6层)/1990年建板楼,8500元/月,https://bj.lianjia.com/xiaoqu/1111027376503/
东直门南大街  1室1厅  40平米  西,东直门租房/低楼层(共18层)/1991年建板塔结合,5500元/月,https://bj.lianjia.com/xiaoqu/1111027374081/
富贵园一区  2室1厅  88平米  南 北,东花市租房/中楼层(共11层)/2004年建板楼,11000元/月,https://bj.lianjia.com/xiaoqu/1111027374222/
东环居苑  1室1厅  56平米  南,广渠门租房/低楼层(共22层)/2004年建塔楼,5500元/月,https://bj.lianjia.com/xiaoqu/1111027376918/
朗家胡同13号院  1室1厅  38平米  南,安定门租房/高楼层(共6层)/1990年建板楼,4500元/月,https://bj.lianjia.com/xiaoqu/1111027377922/
当代MOMA  1室1厅  89平米  南,东直门租房/中楼层(共19层)/2008年建塔楼,22000元/月,https://bj.lianjia.com/xiaoqu/1111027380239/
京禧阁  2室2厅  112平米  东南,广渠门租房/低楼层(共22层)/2013年建塔楼,12000元/月,https://bj.lianjia.com/xiaoqu/1111047229050/
NAGA上院  3室1厅  305平米  西北,东直门租房/中楼层(共12层)/2008年建塔楼,45000元/月,https://bj.lianjia.com/xiaoqu/1111027378459/
幸福家园一期  3室2厅  118平米  南 北,广渠门租房/中楼层(共14层)/2002年建板塔结合,13500元/月,https://bj.lianjia.com/xiaoqu/1111043313490/
阳光都市  2室1厅  157平米  东,工体租房/低楼层(共24层)/2000年建塔楼,20000元/月,https://bj.lianjia.com/xiaoqu/1111027381655/
崇文门东大街  2室1厅  60平米  南 北,崇文门租房/中楼层(共14层)/1980年建板楼,6800元/月,https://bj.lianjia.com/xiaoqu/1111027376599/
国瑞城中区  1室1厅  58平米  南,崇文门租房/中楼层(共16层)/2006年建板塔结合,6300元/月,https://bj.lianjia.com/xiaoqu/1111027374691/
海晟国际公寓  1室1厅  64平米  东,工体租房/高楼层(共22层)/2007年建板塔结合,12000元/月,https://bj.lianjia.com/xiaoqu/1111027375265/
北河沿大街  3室1厅  80平米  南 北,灯市口租房/高楼层(共6层)/1987年建板楼,11000元/月,https://bj.lianjia.com/xiaoqu/1111027375868/
和平里七区  3室1厅  77平米  南 北,和平里租房/低楼层(共5层)/1986年建板楼,15000元/月,https://bj.lianjia.com/xiaoqu/1111027375203/
前门前  1室1厅  53平米  东 西,天坛租房/中楼层(共6层)/2009年建板塔结合,7200元/月,https://bj.lianjia.com/xiaoqu/1111027378877/
十字坡西里  2室1厅  52平米  南,东直门租房/中楼层(共5层)/1981年建板楼,7000元/月,https://bj.lianjia.com/xiaoqu/1111027379727/
国瑞城西区  1室0厅  60平米  东,崇文门租房/中楼层(共16层)/2013年建塔楼,10500元/月,https://bj.lianjia.com/xiaoqu/1111027374690/
北京INN  3房间1卫  93平米  东,朝阳门内租房/高楼层(共16层)/2005年建塔楼,13000元/月,https://bj.lianjia.com/xiaoqu/1111027375895/
新景家园东区  2室1厅  83平米  南 北,崇文门租房/低楼层(共16层)/2005年建板塔结合,9000元/月,https://bj.lianjia.com/xiaoqu/1111027380930/
崇文门西大街  2室1厅  54平米  南 北,前门租房/低楼层(共13层)/1979年建板楼,6900元/月,https://bj.lianjia.com/xiaoqu/1111027376601/
新景家园东区  1室0厅  40平米  东,崇文门租房/中楼层(共15层)/2008年建板塔结合,5300元/月,https://bj.lianjia.com/xiaoqu/1111027380930/
革新南路2号院  2室1厅  66平米  东南,西罗园租房/中楼层(共21层)/1993年建塔楼,5500元/月,https://bj.lianjia.com/xiaoqu/1111027374757/
培新街乙5号院  2室1厅  69平米  东 西,广渠门租房/低楼层(共16层)/1999年建板塔结合,7500元/月,https://bj.lianjia.com/xiaoqu/1111027378766/
海运仓小区  2室1厅  61平米  东 西,东直门租房/中楼层(共5层)/2002年建板楼,8200元/月,https://bj.lianjia.com/xiaoqu/1111027375430/
新景家园东区  1室1厅  59平米  西,崇文门租房/低楼层(共18层)/2005年建板塔结合,7500元/月,https://bj.lianjia.com/xiaoqu/1111027380930/
远洋德邑  3室2厅  127平米  南,广渠门租房/低楼层(共22层)/2002年建塔楼,12500元/月,https://bj.lianjia.com/xiaoqu/1111027382190/
新景家园西区  1室1厅  59平米  南,崇文门租房/低楼层(共17层)/2004年建板塔结合,6500元/月,https://bj.lianjia.com/xiaoqu/1111027380931/
阳光都市  1室1厅  82平米  西,工体租房/中楼层(共25层)/2001年建塔楼,12000元/月,https://bj.lianjia.com/xiaoqu/1111027381655/
东环居苑  1室1厅  55平米  南,广渠门租房/低楼层(共22层)/2004年建塔楼,5800元/月,https://bj.lianjia.com/xiaoqu/1111027376918/
天天家园  3室1厅  152平米  西南,永定门租房/高楼层(共11层)/2002年建板塔结合,10000元/月,https://bj.lianjia.com/xiaoqu/1111027380027/
民旺园  2室1厅  60平米  南 北,和平里租房/高楼层(共6层)/1990年建板楼,7300元/月,https://bj.lianjia.com/xiaoqu/1111027378417/
富贵园二区  2室1厅  81平米  西南,东花市租房/低楼层(共18层)/2003年建塔楼,7200元/月,https://bj.lianjia.com/xiaoqu/1111027374216/
国瑞城西区  2室1厅  122平米  西南,崇文门租房/中楼层(共16层)/2008年建塔楼,18000元/月,https://bj.lianjia.com/xiaoqu/1111027374690/
景泰东里  1室1厅  51平米  西,蒲黄榆租房/高楼层(共9层)/1994年建板塔结合,4500元/月,https://bj.lianjia.com/xiaoqu/1111027377390/
幸福家园二期  1室1厅  72平米  南,广渠门租房/中楼层(共13层)/2003年建板塔结合,8000元/月,https://bj.lianjia.com/xiaoqu/1111043313755/
美术馆后街  2室1厅  72平米  东 西,东四租房/高楼层(共10层)/1988年建板塔结合,7000元/月,https://bj.lianjia.com/xiaoqu/1111027378391/
南弓匠营胡同  1室1厅  51平米  南 北,朝阳门内租房/高楼层(共6层)/2003年建板楼,6500元/月,https://bj.lianjia.com/xiaoqu/1111027378491/
本家润园三期  1室1厅  47平米  北,东花市租房/低楼层(共18层)/2005年建板塔结合,5300元/月,https://bj.lianjia.com/xiaoqu/1111043315856/
后永康胡同2号院4号院  1室1厅  43平米  东,东直门租房/高楼层(共6层)/1994年建板楼,5200元/月,https://bj.lianjia.com/xiaoqu/1111027375475/
东直门北大街  1室1厅  42平米  南,东直门租房/低楼层(共18层)/1995年建塔楼,5300元/月,https://bj.lianjia.com/xiaoqu/1111027374072/
兴隆都市馨园  1室0厅  29平米  东,崇文门租房/低楼层(共7层)/2004年建塔楼,5000元/月,https://bj.lianjia.com/xiaoqu/1111027381005/
元嘉国际公寓  2室1厅  110平米  南,东直门租房/中楼层(共10层)/2003年建塔楼,15000元/月,https://bj.lianjia.com/xiaoqu/1111027381776/
禾风仕家  3室2厅  173平米  西北,金宝街租房/中楼层(共10层)/2008年建板塔结合,24000元/月,https://bj.lianjia.com/xiaoqu/1111027374962/
金世纪嘉园  2室1厅  66平米  东 南,广渠门租房/高楼层(共21层)/2004年建塔楼,6500元/月,https://bj.lianjia.com/xiaoqu/1111027377351/
广渠家园  1室1厅  50平米  西,广渠门租房/高楼层(共28层)/2009年建塔楼,5000元/月,https://bj.lianjia.com/xiaoqu/1111027374680/
景泰东里  1室1厅  50平米  东,蒲黄榆租房/高楼层(共9层)/1994年建板塔结合,4700元/月,https://bj.lianjia.com/xiaoqu/1111027377390/
东方银座  2室1厅  111平米  西,东直门租房/中楼层(共25层)/2003年建塔楼,16500元/月,https://bj.lianjia.com/xiaoqu/1111027376862/
太华公寓  3室2厅  256平米  西,崇文门租房/高楼层(共18层)/2000年建塔楼,34000元/月,https://bj.lianjia.com/xiaoqu/1111027379822/
华冠丽景  3室1厅  145平米  南 北,东直门租房/中楼层(共7层)/2003年建板楼,25000元/月,https://bj.lianjia.com/xiaoqu/1111027374993/
安乐林二条  2室1厅  57平米  南 北,永定门租房/中楼层(共6层)/1987年建板楼,5500元/月,https://bj.lianjia.com/xiaoqu/1111027375629/
琉璃井路  2室1厅  62平米  东南,永定门租房/高楼层(共12层)/1987年建板塔结合,5000元/月,https://bj.lianjia.com/xiaoqu/1111027377971/
新景家园东区  2室1厅  106平米  南 北,崇文门租房/低楼层(共15层)/2008年建板塔结合,13000元/月,https://bj.lianjia.com/xiaoqu/1111027380930/
新景家园东区  3室1厅  91平米  东 西,崇文门租房/中楼层(共17层)/2005年建板塔结合,9500元/月,https://bj.lianjia.com/xiaoqu/1111027380930/
大方家胡同  3室1厅  111平米  南 北,朝阳门内租房/中楼层(共9层)/2003年建板塔结合,12500元/月,https://bj.lianjia.com/xiaoqu/1111027376836/
左安浦园  2室1厅  65平米  北,左安门租房/中楼层(共18层)/2004年建板楼,5800元/月,https://bj.lianjia.com/xiaoqu/1111027382283/
和平里六区  3室1厅  122平米  西南 北,和平里租房/中楼层(共17层)/1998年建塔楼,12000元/月,https://bj.lianjia.com/xiaoqu/1111027375202/
永定门外大街  2室1厅  50平米  南 北,永定门租房/中楼层(共6层)/1982年建板楼,4800元/月,https://bj.lianjia.com/xiaoqu/1111027381585/
远洋德邑  2室1厅  59平米  北,广渠门租房/低楼层(共13层)/2002年建板塔结合,5500元/月,https://bj.lianjia.com/xiaoqu/1111027382190/
富贵园四区  1室0厅  54平米  东,东花市租房/低楼层(共10层)/2006年建板塔结合,6200元/月,https://bj.lianjia.com/xiaoqu/1111027374219/
法华南里  3室1厅  86平米  南 北,崇文门租房/中楼层(共6层)/1996年建板楼,8500元/月,https://bj.lianjia.com/xiaoqu/1111027374239/
丽水湾畔家园  2室1厅  97平米  西,广渠门租房/中楼层(共21层)/2002年建塔楼,8700元/月,https://bj.lianjia.com/xiaoqu/1111027378078/
北河沿大街  2室1厅  58平米  南 北,灯市口租房/高楼层(共6层)/1987年建板楼,8000元/月,https://bj.lianjia.com/xiaoqu/1111027375868/
胜古中路1号院  4室2厅  191平米  南,安贞租房/低楼层(共14层)/1996年建板楼,16500元/月,https://bj.lianjia.com/xiaoqu/1111027379254/
煤渣胡同  1室1厅  51平米  东,东单租房/中楼层(共9层)/1990年建板塔结合,6300元/月,https://bj.lianjia.com/xiaoqu/1111027378448/
海晟名苑  3室1厅  140平米  东 西,工体租房/中楼层(共22层)/2003年建板塔结合,23000元/月,https://bj.lianjia.com/xiaoqu/1111027375280/
花市枣苑一期  3室2厅  185平米  南 西,东花市租房/高楼层(共18层)/2002年建板塔结合,22000元/月,https://bj.lianjia.com/xiaoqu/1111043316306/
东中街  3室1厅  107平米  南 北,东直门租房/高楼层(共6层)/1998年建板楼,15000元/月,https://bj.lianjia.com/xiaoqu/1111027374065/
南门仓胡同  2室1厅  78平米  东 西,朝阳门内租房/高楼层(共6层)/2003年建板楼,8500元/月,https://bj.lianjia.com/xiaoqu/1111027378565/
永内西街北里  2室1厅  54平米  南 北,永定门租房/中楼层(共6层)/1982年建板楼,5500元/月,https://bj.lianjia.com/xiaoqu/1111027381927/
富贵园二区  1室1厅  55平米  南 西,东花市租房/低楼层(共18层)/2003年建塔楼,7000元/月,https://bj.lianjia.com/xiaoqu/1111027374216/
建国门北大街5号  1室0厅  68平米  北,建国门内租房/低楼层(共24层)/2008年建塔楼,10000元/月,https://bj.lianjia.com/xiaoqu/1111027377016/
北官厅胡同  1室1厅  43平米  南,东直门租房/高楼层(共16层)/1993年建塔楼,5900元/月,https://bj.lianjia.com/xiaoqu/1111027375827/
青年湖东里  2室1厅  54平米  南,安定门租房/中楼层(共5层)/1980年建板楼,6300元/月,https://bj.lianjia.com/xiaoqu/1111027378889/
景泰东里  2室1厅  51平米  西,蒲黄榆租房/低楼层(共9层)/1994年建板塔结合,4300元/月,https://bj.lianjia.com/xiaoqu/1111027377390/
朝阳首府  2室1厅  100平米  东 北,朝阳门内租房/低楼层(共15层)/2009年建塔楼,15000元/月,https://bj.lianjia.com/xiaoqu/1111027376676/
水上华城  3室2厅  145平米  东 西,广渠门租房/低楼层(共20层)/2004年建板楼,16000元/月,https://bj.lianjia.com/xiaoqu/1111027379543/
中海紫御公馆  2室1厅  60平米  东北,陶然亭租房/高楼层(共19层)/2010年建板塔结合,7500元/月,https://bj.lianjia.com/xiaoqu/1111027382485/
景泰西里西区  2室1厅  79平米  东,永定门租房/中楼层(共11层)/2005年建板塔结合,6500元/月,https://bj.lianjia.com/xiaoqu/1111027377413/
西营房  1室0厅  36平米  北,安定门租房/中楼层(共17层)/2006年建塔楼,5300元/月,https://bj.lianjia.com/xiaoqu/1111027381347/
左安浦园  2室1厅  91平米  西北,左安门租房/低楼层(共18层)/2004年建板楼,7000元/月,https://bj.lianjia.com/xiaoqu/1111027382283/
东花市北里西区  1室1厅  49平米  东,东花市租房/低楼层(共6层)/1995年建板楼,5000元/月,https://bj.lianjia.com/xiaoqu/1111027373684/
正东国际大厦  3室1厅  188平米  东南,东直门租房/高楼层(共27层)/2004年建塔楼,24000元/月,https://bj.lianjia.com/xiaoqu/1111027382345/
新怡家园  1室0厅  36平米  南,崇文门租房/低楼层(共13层)/2006年建板楼,7000元/月,https://bj.lianjia.com/xiaoqu/1111027381364/
体育馆路  3室1厅  63平米  南 北,左安门租房/低楼层(共5层)/1970年建板楼,8000元/月,https://bj.lianjia.com/xiaoqu/1111027380092/
长安太和  1室1厅  98平米  西,建国门内租房/低楼层(共24层)/2012年建板楼,23000元/月,https://bj.lianjia.com/xiaoqu/1111043352307/
国瑞城西区  1室1厅  66平米  北,崇文门租房/高楼层(共16层)/2008年建塔楼,9400元/月,https://bj.lianjia.com/xiaoqu/1111027374690/
北官厅胡同  2室1厅  57平米  南 北,东直门租房/高楼层(共6层)/1988年建板楼,6500元/月,https://bj.lianjia.com/xiaoqu/1111027375827/
春秀路  2室1厅  66平米  南,工体租房/低楼层(共21层)/1999年建塔楼,7200元/月,https://bj.lianjia.com/xiaoqu/1111027376626/
新景家园西区  2室0厅  60平米  东南,崇文门租房/高楼层(共17层)/2004年建板塔结合,6500元/月,https://bj.lianjia.com/xiaoqu/1111027380931/
金桥国际  1室1厅  75平米  西,广渠门租房/低楼层(共27层)/2004年建塔楼,7000元/月,https://bj.lianjia.com/xiaoqu/1111027377312/
东花市北里中区  2室1厅  105平米  南 北,东花市租房/中楼层(共5层)/1994年建板楼,10200元/月,https://bj.lianjia.com/xiaoqu/1111027373685/
朝阳门南小街  2室1厅  69平米  东,朝阳门内租房/高楼层(共16层)/2004年建板塔结合,7800元/月,https://bj.lianjia.com/xiaoqu/1111027376670/
朝阳门北小街  3室1厅  8平米  西,朝阳门内租房/低楼层(共6层)/2003年建板楼,3130元/月,https://bj.lianjia.com/xiaoqu/1111027376666/
华龙美晟  2室1厅  80平米  东,永定门租房/中楼层(共12层)/2009年建板塔结合,7000元/月,https://bj.lianjia.com/xiaoqu/1111027375142/
香饵胡同  3室1厅  15平米  北,交道口租房/低楼层(共6层)/2003年建板楼,3390元/月,https://bj.lianjia.com/xiaoqu/1111027380693/
柏树胡同  2室1厅  59平米  北,灯市口租房/高楼层(共7层)/1989年建板楼,6520元/月,https://bj.lianjia.com/xiaoqu/1111027376066/
太华公寓  3室2厅  230平米  东南,崇文门租房/低楼层(共18层)/2000年建塔楼,27000元/月,https://bj.lianjia.com/xiaoqu/1111027379822/
天坛西里东区  3室0厅  56平米  南 北,天坛租房/低楼层(共6层)/1979年建板楼,5000元/月,https://bj.lianjia.com/xiaoqu/1111027380038/
凯德华玺  2房间1卫  120平米  东,金宝街租房/低楼层(共14层)/2008年建塔楼,22000元/月,https://bj.lianjia.com/xiaoqu/1111027377596/
金桥国际  1室1厅  63平米  西北,广渠门租房/高楼层(共27层)/2004年建塔楼,6800元/月,https://bj.lianjia.com/xiaoqu/1111027377312/
花市枣苑二期  1室0厅  55平米  西,东花市租房/中楼层(共19层)/2004年建塔楼,6000元/月,https://bj.lianjia.com/xiaoqu/1111043316665/
后永康胡同2号院4号院  1室1厅  45平米  东,东直门租房/高楼层(共6层)/1994年建板楼,6000元/月,https://bj.lianjia.com/xiaoqu/1111027375475/
建国门南大街  2室1厅  70平米  东 南,建国门外租房/低楼层(共14层)/1989年建板塔结合,8800元/月,https://bj.lianjia.com/xiaoqu/1111027377140/
金桥国际  2室1厅  89平米  东,广渠门租房/低楼层(共27层)/2004年建塔楼,10000元/月,https://bj.lianjia.com/xiaoqu/1111027377312/
广渠门内大街  1室1厅  48平米  南,广渠门租房/中楼层(共13层)/1985年建板塔结合,5500元/月,https://bj.lianjia.com/xiaoqu/1111027374682/
本家润园三期  1室1厅  48平米  北,东花市租房/高楼层(共18层)/2005年建板塔结合,5500元/月,https://bj.lianjia.com/xiaoqu/1111043315856/
民安小区东直门内北小街  2室1厅  70平米  南,东直门租房/中楼层(共16层)/2003年建板楼,8800元/月,https://bj.lianjia.com/xiaoqu/1111027374075/
国瑞城东区  1室1厅  60平米  南,崇文门租房/中楼层(共16层)/2006年建板塔结合,6960元/月,https://bj.lianjia.com/xiaoqu/1111027374689/
南弓匠营胡同  4室2厅  116平米  南 北,朝阳门内租房/高楼层(共6层)/2003年建板楼,15000元/月,https://bj.lianjia.com/xiaoqu/1111027378491/
法华南里  3室1厅  80平米  西,崇文门租房/中楼层(共6层)/1993年建板楼,5500元/月,https://bj.lianjia.com/xiaoqu/1111027374239/
潘家坡胡同4号院  2室1厅  54平米  东,朝阳门外租房/低楼层(共5层)/1988年建板楼,6800元/月,https://bj.lianjia.com/xiaoqu/1111027378737/
安德路乙61号院  2室1厅  59平米  南,安定门租房/中楼层(共12层)/1989年建塔楼,7000元/月,https://bj.lianjia.com/xiaoqu/1111027375578/
富贵园三区  3室1厅  106平米  南 北,东花市租房/中楼层(共12层)/2002年建塔楼,10000元/月,https://bj.lianjia.com/xiaoqu/1111027374220/
安德路47号院  2室1厅  54平米  南 北,安定门租房/中楼层(共7层)/1989年建板楼,6200元/月,https://bj.lianjia.com/xiaoqu/1111027375572/
NAGA上院  4室2厅  603平米  东 南 西 北,东直门租房/中楼层(共12层)/2008年建塔楼,130000元/月,https://bj.lianjia.com/xiaoqu/1111027378459/
阳光都市  4室1厅  256平米  东 南 西,工体租房/低楼层(共25层)/2001年建塔楼,27000元/月,https://bj.lianjia.com/xiaoqu/1111027381655/
海晟国际公寓  1室0厅  45平米  西,工体租房/中楼层(共17层)/2008年建板塔结合,8000元/月,https://bj.lianjia.com/xiaoqu/1111027375265/
当代MOMA  3室2厅  178平米  东南,东直门租房/中楼层(共20层)/2008年建塔楼,32000元/月,https://bj.lianjia.com/xiaoqu/1111027380239/
华龙美晟  2室1厅  80平米  东,永定门租房/低楼层(共12层)/2009年建板塔结合,6890元/月,https://bj.lianjia.com/xiaoqu/1111027375142/
和平里九区  2室1厅  83平米  南,和平里租房/低楼层(共6层)/1960年建板楼,8660元/月,https://bj.lianjia.com/xiaoqu/1111027375201/
聚龙花园  5室1厅  357平米  东 东南 南,工体租房/低楼层(共2层)/1993年建板楼,40000元/月,https://bj.lianjia.com/xiaoqu/1111027377234/
东四二条  1室1厅  35平米  南,东四租房/中楼层(共6层)/1986年建板楼,5200元/月,https://bj.lianjia.com/xiaoqu/1111027373828/
新怡家园  3室2厅  142平米  南 北,崇文门租房/高楼层(共13层)/2004年建板楼,17500元/月,https://bj.lianjia.com/xiaoqu/1111027381364/
前门前  1房间1卫  125平米  南 北,天坛租房/高楼层(共8层)/2009年建塔楼,15000元/月,https://bj.lianjia.com/xiaoqu/1111027378877/
交道口东大街  2室1厅  18平米  东,交道口租房/中楼层(共12层)/2003年建板塔结合,3560元/月,https://bj.lianjia.com/xiaoqu/1111027377077/
琉璃井路  2室1厅  53平米  南 北,永定门租房/低楼层(共2层)/1980年建板楼,5300元/月,https://bj.lianjia.com/xiaoqu/1111027377971/
广渠门内大街  2室0厅  74平米  东北,广渠门租房/高楼层(共16层)/1980年建塔楼,5800元/月,https://bj.lianjia.com/xiaoqu/1111027374682/
交道口北头条24号院  2室1厅  55平米  南 北,交道口租房/高楼层(共6层)/1982年建板楼,8800元/月,https://bj.lianjia.com/xiaoqu/1111027377076/
冠城名敦道  1室0厅  79平米  西,广渠门租房/未知楼层(共23层)/2009年建塔楼,12500元/月,https://bj.lianjia.com/xiaoqu/1111027374519/
广渠门外南街  1室1厅  48平米  东,广渠门租房/低楼层(共12层)/1991年建板塔结合,4200元/月,https://bj.lianjia.com/xiaoqu/1111027374686/
花园胡同  3室0厅  59平米  东 西,安定门租房/高楼层(共6层)/1986年建板楼,7000元/月,https://bj.lianjia.com/xiaoqu/1111027375460/
国瑞城西区  1室0厅  64平米  东,崇文门租房/中楼层(共16层)/2009年建塔楼,12000元/月,https://bj.lianjia.com/xiaoqu/1111027374690/
和平里五区  2室1厅  14平米  南,和平里租房/中楼层(共6层)/1996年建板楼,3290元/月,https://bj.lianjia.com/xiaoqu/1111027375206/
天利园  2室1厅  101平米  南 北,广渠门租房/中楼层(共16层)/2003年建板楼,8800元/月,https://bj.lianjia.com/xiaoqu/1111027379915/
西香河园  2室1厅  49平米  南,东直门租房/低楼层(共6层)/1980年建板楼,7160元/月,https://bj.lianjia.com/xiaoqu/1111027381313/
和平里七区  1室1厅  42平米  东,和平里租房/低楼层(共6层)/1989年建板楼,5760元/月,https://bj.lianjia.com/xiaoqu/1111027375203/
东后河沿  3室2厅  202平米  西南,崇文门租房/高楼层(共16层)/1999年建板塔结合,22000元/月,https://bj.lianjia.com/xiaoqu/1111027376916/
东直门内大街  2室1厅  68平米  南,东直门租房/高楼层(共12层)/2003年建板楼,9000元/月,https://bj.lianjia.com/xiaoqu/1111027374080/
仓南胡同14号院  3室1厅  11平米  北,朝阳门内租房/中楼层(共6层)/1993年建板楼,3160元/月,https://bj.lianjia.com/xiaoqu/1111027376504/
金世纪嘉园  1室1厅  65平米  北,广渠门租房/低楼层(共18层)/2003年建塔楼,6360元/月,https://bj.lianjia.com/xiaoqu/1111027377351/
培新街乙5号院  4室1厅  8平米  南,广渠门租房/低楼层(共16层)/1999年建板塔结合,2990元/月,https://bj.lianjia.com/xiaoqu/1111027378766/
当代MOMA  2室2厅  151平米  西南,东直门租房/中楼层(共20层)/2008年建塔楼,30000元/月,https://bj.lianjia.com/xiaoqu/1111027380239/
新景家园东区  1室1厅  81平米  南,崇文门租房/中楼层(共15层)/2008年建板塔结合,10500元/月,https://bj.lianjia.com/xiaoqu/1111027380930/
金世纪嘉园  3室1厅  17平米  北,广渠门租房/中楼层(共21层)/2005年建塔楼,3560元/月,https://bj.lianjia.com/xiaoqu/1111027377351/
青年沟  2室2厅  78平米  南 北,和平里租房/高楼层(共6层)/1996年建板楼,7200元/月,https://bj.lianjia.com/xiaoqu/1111027378881/
前门前  3室1厅  111平米  南 北,天坛租房/低楼层(共6层)/2009年建板塔结合,20000元/月,https://bj.lianjia.com/xiaoqu/1111027378877/
美惠大厦  4室2厅  260平米  东 西,朝阳门外租房/中楼层(共15层)/1998年建板塔结合,33000元/月,https://bj.lianjia.com/xiaoqu/1111027378272/
礼士胡同甲66号院  3室1厅  79平米  南 北,金宝街租房/中楼层(共5层)/1980年建板楼,9000元/月,https://bj.lianjia.com/xiaoqu/1111027378063/
安德路55号院  2室1厅  63平米  南,安定门租房/高楼层(共4层)/1977年建板楼,6390元/月,https://bj.lianjia.com/xiaoqu/1111027375573/
培新街乙5号院  4室1厅  9平米  南,广渠门租房/低楼层(共16层)/1999年建板塔结合,3130元/月,https://bj.lianjia.com/xiaoqu/1111027378766/
海晟国际公寓  1室1厅  74平米  南,工体租房/低楼层(共22层)/2007年建板塔结合,12500元/月,https://bj.lianjia.com/xiaoqu/1111027375265/
新世界家园  2室1厅  96平米  东 西,崇文门租房/中楼层(共8层)/2004年建板楼,14000元/月,https://bj.lianjia.com/xiaoqu/1111027381162/
新太仓二巷  2室1厅  57平米  南 北,东四租房/高楼层(共6层)/1988年建平房,7000元/月,https://bj.lianjia.com/xiaoqu/1111027381221/
和平里三区  1室1厅  46平米  南,和平里租房/低楼层(共6层)/1996年建板楼,5800元/月,https://bj.lianjia.com/xiaoqu/1111027375204/
兴隆都市馨园  1室1厅  52平米  南,崇文门租房/地下室(共6层)/2003年建板楼,5100元/月,https://bj.lianjia.com/xiaoqu/1111027381005/
京城仁合  2室1厅  83平米  东南,广渠门租房/中楼层(共16层)/2002年建板塔结合,8300元/月,https://bj.lianjia.com/xiaoqu/1111027377023/
东交民巷13号院  3室1厅  70平米  南 北,前门租房/低楼层(共13层)/1990年建板塔结合,9000元/月,https://bj.lianjia.com/xiaoqu/1111043241688/
国瑞城西区  1室0厅  66平米  东,崇文门租房/中楼层(共16层)/2013年建塔楼,13000元/月,https://bj.lianjia.com/xiaoqu/1111027374690/
胡家园小区  2室1厅  64平米  东 南,东直门租房/低楼层(共16层)/1991年建塔楼,7500元/月,https://bj.lianjia.com/xiaoqu/1111027375114/
绿景苑  1室0厅  36平米  北,广渠门租房/高楼层(共12层)/2002年建板塔结合,4200元/月,https://bj.lianjia.com/xiaoqu/1111027377935/
和平里三区  2室1厅  56平米  南,和平里租房/高楼层(共6层)/1996年建板楼,6860元/月,https://bj.lianjia.com/xiaoqu/1111027375204/
北沟沿  1室0厅  8平米  南,东四租房/低楼层(共1层)/1988年建平房,1800元/月,https://bj.lianjia.com/xiaoqu/1111027375830/
中海紫御公馆  2室2厅  92平米  南,陶然亭租房/中楼层(共23层)/2010年建板塔结合,11000元/月,https://bj.lianjia.com/xiaoqu/1111027382485/
冠城名敦道  3室1厅  179平米  南 北,广渠门租房/低楼层(共27层)/2009年建板楼,23000元/月,https://bj.lianjia.com/xiaoqu/1111027374519/
中海紫御公馆  2室2厅  90平米  南,陶然亭租房/高楼层(共19层)/2010年建板塔结合,11000元/月,https://bj.lianjia.com/xiaoqu/1111027382485/
中海紫御公馆  2室2厅  90平米  南,陶然亭租房/低楼层(共19层)/2010年建板塔结合,11500元/月,https://bj.lianjia.com/xiaoqu/1111027382485/
朝阳首府  3室2厅  183平米  南 北,朝阳门内租房/高楼层(共11层)/2009年建板楼,30000元/月,https://bj.lianjia.com/xiaoqu/1111027376676/
小羊宜宾胡同  1室1厅  42平米  南,建国门内租房/中楼层(共6层)/1990年建板楼,6090元/月,https://bj.lianjia.com/xiaoqu/1111027381425/
花市枣苑二期  3室1厅  20平米  南,东花市租房/低楼层(共17层)/2003年建塔楼,4290元/月,https://bj.lianjia.com/xiaoqu/1111043316665/
花市枣苑二期  3室1厅  25平米  南,东花市租房/低楼层(共17层)/2003年建塔楼,5160元/月,https://bj.lianjia.com/xiaoqu/1111043316665/
交道口东大街  2室1厅  95平米  东 西,交道口租房/中楼层(共10层)/2003年建板塔结合,12500元/月,https://bj.lianjia.com/xiaoqu/1111027377077/
凯德华玺  1房间1卫  79平米  北,金宝街租房/低楼层(共14层)/2009年建塔楼,13000元/月,https://bj.lianjia.com/xiaoqu/1111027377596/
鼓楼外大街52号  1室1厅  44平米  东,安定门租房/低楼层(共11层)/1992年建板塔结合,5300元/月,https://bj.lianjia.com/xiaoqu/1111046318849/
兴隆都市馨园  1室0厅  27平米  南,崇文门租房/中楼层(共7层)/2004年建塔楼,4800元/月,https://bj.lianjia.com/xiaoqu/1111027381005/
景泰西里西区  2室1厅  79平米  东,永定门租房/中楼层(共13层)/2005年建板塔结合,6960元/月,https://bj.lianjia.com/xiaoqu/1111027377413/
富贵园三区  2室1厅  68平米  北,东花市租房/高楼层(共16层)/2002年建塔楼,7930元/月,https://bj.lianjia.com/xiaoqu/1111027374220/
富贵园三区  1室1厅  64平米  西,东花市租房/中楼层(共16层)/2002年建塔楼,6890元/月,https://bj.lianjia.com/xiaoqu/1111027374220/
新景家园西区  1室1厅  59平米  南,崇文门租房/高楼层(共14层)/2004年建板塔结合,6500元/月,https://bj.lianjia.com/xiaoqu/1111027380931/
安德路47号院  2室1厅  62平米  东 西,安定门租房/高楼层(共6层)/1995年建板楼,8000元/月,https://bj.lianjia.com/xiaoqu/1111027375572/
新景家园东区  1室1厅  59平米  西,崇文门租房/低楼层(共18层)/2006年建板塔结合,6900元/月,https://bj.lianjia.com/xiaoqu/1111027380930/
安化北里  2室1厅  70平米  南 北,广渠门租房/中楼层(共6层)/1980年建板楼,6300元/月,https://bj.lianjia.com/xiaoqu/1111027375590/
东中街  2室2厅  76平米  南 北,东直门租房/地下室(共6层)/1998年建板楼,7000元/月,https://bj.lianjia.com/xiaoqu/1111027374065/
京城仁合  2室1厅  76平米  东,广渠门租房/中楼层(共16层)/2002年建板塔结合,6600元/月,https://bj.lianjia.com/xiaoqu/1111027377023/
水上华城  2室1厅  67平米  西,广渠门租房/高楼层(共20层)/2004年建板塔结合,7460元/月,https://bj.lianjia.com/xiaoqu/1111027379543/
天娇园  3室1厅  77平米  北,东花市租房/低楼层(共11层)/2008年建板塔结合,8000元/月,https://bj.lianjia.com/xiaoqu/1111027379888/
大方家胡同61号院  2室1厅  61平米  南,朝阳门内租房/高楼层(共6层)/2001年建板楼,7590元/月,https://bj.lianjia.com/xiaoqu/1111027376838/
朝阳门南小街  2室1厅  68平米  西,朝阳门内租房/高楼层(共11层)/2004年建板塔结合,8200元/月,https://bj.lianjia.com/xiaoqu/1111027376670/
永铁苑  2室1厅  70平米  南,陶然亭租房/中楼层(共22层)/1999年建塔楼,6500元/月,https://bj.lianjia.com/xiaoqu/1111027382107/
本家润园三期  3室1厅  88平米  南,东花市租房/高楼层(共18层)/2005年建塔楼,8800元/月,https://bj.lianjia.com/xiaoqu/1111043315856/
地兴居  2室1厅  61平米  东,安定门租房/高楼层(共6层)/1997年建板楼,6300元/月,https://bj.lianjia.com/xiaoqu/1111027373971/
新景家园东区  3室1厅  90平米  南 北,崇文门租房/低楼层(共16层)/2002年建板塔结合,9500元/月,https://bj.lianjia.com/xiaoqu/1111027380930/
华龙美晟  2室1厅  77平米  北,永定门租房/中楼层(共12层)/2009年建塔楼,6000元/月,https://bj.lianjia.com/xiaoqu/1111027375142/
培新街乙5号院  2室1厅  115平米  南 北,广渠门租房/低楼层(共16层)/1999年建板塔结合,11000元/月,https://bj.lianjia.com/xiaoqu/1111027378766/
幸福家园二期  2室1厅  125平米  南 北,广渠门租房/高楼层(共14层)/2003年建板塔结合,12000元/月,https://bj.lianjia.com/xiaoqu/1111043313755/
安外花园  2室1厅  54平米  南,和平里租房/低楼层(共5层)/1986年建板楼,15000元/月,https://bj.lianjia.com/xiaoqu/1111027375663/
美惠大厦  1室1厅  83平米  南,朝阳门外租房/中楼层(共15层)/1998年建板塔结合,10500元/月,https://bj.lianjia.com/xiaoqu/1111027378272/
新裕家园  2室1厅  93平米  南 北,崇文门租房/低楼层(共13层)/2007年建板塔结合,12000元/月,https://bj.lianjia.com/xiaoqu/1111027381367/
东四块玉南街4号院  3室1厅  118平米  南 北,左安门租房/高楼层(共7层)/板楼,16000元/月,https://bj.lianjia.com/xiaoqu/1111046292412/
本家润园三期  2室1厅  88平米  东 南,东花市租房/高楼层(共18层)/2005年建塔楼,8800元/月,https://bj.lianjia.com/xiaoqu/1111043315856/
小羊宜宾胡同  2室1厅  59平米  南 北,建国门内租房/低楼层(共6层)/1990年建板楼,8000元/月,https://bj.lianjia.com/xiaoqu/1111027381425/
新裕家园  1室1厅  82平米  南,崇文门租房/高楼层(共16层)/2004年建板塔结合,8500元/月,https://bj.lianjia.com/xiaoqu/1111027381367/
帽儿胡同45号院  2室1厅  71平米  南 北,地安门租房/高楼层(共5层)/1995年建板楼,10000元/月,https://bj.lianjia.com/xiaoqu/1111027378257/
地坛北里  2室1厅  58平米  南,和平里租房/低楼层(共5层)/1989年建板楼,7090元/月,https://bj.lianjia.com/xiaoqu/1111027373924/
金鱼池西区  2室1厅  88平米  南 西,天坛租房/中楼层(共7层)/2003年建板塔结合,7800元/月,https://bj.lianjia.com/xiaoqu/1111027377501/
本家润园一期  1室1厅  78平米  北,东花市租房/低楼层(共13层)/2006年建板楼,7200元/月,https://bj.lianjia.com/xiaoqu/1111043314949/
海晟国际公寓  1室1厅  64平米  东,工体租房/低楼层(共17层)/2008年建板塔结合,11000元/月,https://bj.lianjia.com/xiaoqu/1111027375265/
民安小区东直门内北小街  1室1厅  59平米  西,东直门租房/中楼层(共16层)/2003年建板楼,7390元/月,https://bj.lianjia.com/xiaoqu/1111027374075/
安定路  1室1厅  41平米  东南,安贞租房/中楼层(共20层)/1993年建塔楼,4800元/月,https://bj.lianjia.com/xiaoqu/1111027375569/
雍和家园二期  2室1厅  115平米  东,和平里租房/低楼层(共6层)/2005年建板楼,22500元/月,https://bj.lianjia.com/xiaoqu/1111027381710/
灯市口西街5号院  2室1厅  50平米  南,灯市口租房/高楼层(共6层)/1986年建板楼,6300元/月,https://bj.lianjia.com/xiaoqu/1111027373856/
和平里七区  2室1厅  56平米  东南,和平里租房/中楼层(共5层)/1982年建板楼,6500元/月,https://bj.lianjia.com/xiaoqu/1111027375203/
贡院九号  3室1厅  150平米  东,建国门内租房/中楼层(共18层)/2009年建板塔结合,35000元/月,https://bj.lianjia.com/xiaoqu/1111027374795/
长安太和  2室1厅  170平米  东,建国门内租房/低楼层(共24层)/2012年建板楼,32000元/月,https://bj.lianjia.com/xiaoqu/1111043352307/
法华南里  1室1厅  47平米  东,崇文门租房/高楼层(共6层)/1993年建板楼,4500元/月,https://bj.lianjia.com/xiaoqu/1111027374239/
安化北里  1室1厅  43平米  南 北,广渠门租房/高楼层(共5层)/1980年建板楼,4000元/月,https://bj.lianjia.com/xiaoqu/1111027375590/
金鱼池西区  1室1厅  78平米  西,天坛租房/高楼层(共6层)/2000年建板塔结合,6990元/月,https://bj.lianjia.com/xiaoqu/1111027377501/
东皇城根南街  3室1厅  78平米  北,灯市口租房/低楼层(共6层)/1987年建板楼,2500元/月,https://bj.lianjia.com/xiaoqu/1111027376899/
花市枣苑三期  2室1厅  92平米  东,东花市租房/低楼层(共18层)/2004年建塔楼,9500元/月,https://bj.lianjia.com/xiaoqu/1111043316752/
沙滩北街2号院  3室0厅  66平米  东 西,东四租房/低楼层(共6层)/1995年建板楼,7000元/月,https://bj.lianjia.com/xiaoqu/1111041150489/
新景家园东区  1室1厅  59平米  南,崇文门租房/低楼层(共18层)/2006年建板塔结合,7000元/月,https://bj.lianjia.com/xiaoqu/1111027380930/
禾风仕家  1室1厅  63平米  北,金宝街租房/中楼层(共10层)/2008年建板塔结合,13000元/月,https://bj.lianjia.com/xiaoqu/1111027374962/
天天家园  1室1厅  66平米  东 北,永定门租房/中楼层(共11层)/2002年建板塔结合,6500元/月,https://bj.lianjia.com/xiaoqu/1111027380027/
海运仓南里一区  3室2厅  100平米  南 北,东直门租房/高楼层(共6层)/1998年建板楼,13000元/月,https://bj.lianjia.com/xiaoqu/1111027375433/
丽水湾畔家园  3室1厅  14平米  南,广渠门租房/高楼层(共21层)/2002年建塔楼,3690元/月,https://bj.lianjia.com/xiaoqu/1111027378078/
宝润苑  3室1厅  172平米  东 西,东花市租房/中楼层(共14层)/1998年建板塔结合,16000元/月,https://bj.lianjia.com/xiaoqu/1111027376048/
西总布胡同55号院  1室1厅  42平米  南,建国门内租房/高楼层(共6层)/1990年建板楼,5990元/月,https://bj.lianjia.com/xiaoqu/1111027381443/
骑河楼大街  3室1厅  9平米  北,灯市口租房/中楼层(共6层)/1987年建板楼,3130元/月,https://bj.lianjia.com/xiaoqu/1111027378818/
丽水湾畔家园  3室1厅  12平米  北,广渠门租房/高楼层(共21层)/2002年建塔楼,2990元/月,https://bj.lianjia.com/xiaoqu/1111027378078/
永康胡同18号院  3室1厅  13平米  东,安定门租房/高楼层(共6层)/1985年建板楼,3360元/月,https://bj.lianjia.com/xiaoqu/1111027381840/
郭庄北里  1室1厅  43平米  东,永定门租房/中楼层(共6层)/1995年建板楼,4930元/月,https://bj.lianjia.com/xiaoqu/1111027374845/
小黄庄一区  4室1厅  9平米  南,安贞租房/中楼层(共13层)/1998年建板塔结合,3290元/月,https://bj.lianjia.com/xiaoqu/1111027380911/
西青年沟  2室1厅  10平米  南,安贞租房/中楼层(共6层)/1987年建板楼,3090元/月,https://bj.lianjia.com/xiaoqu/1111027381096/
上龙西里  2室1厅  46平米  南 北,安定门租房/中楼层(共5层)/1989年建板楼,6000元/月,https://bj.lianjia.com/xiaoqu/1111027379462/
察慈小区  2室1厅  58平米  南,东直门租房/低楼层(共12层)/1992年建板塔结合,7160元/月,https://bj.lianjia.com/xiaoqu/1111027376353/
北京INN  1房间1卫  77平米  西,朝阳门内租房/低楼层(共12层)/2005年建塔楼,11000元/月,https://bj.lianjia.com/xiaoqu/1111027375895/
细管胡同  3室1厅  14平米  南 北,交道口租房/低楼层(共1层)/,15000元/月,https://bj.lianjia.com/xiaoqu/1111027380753/
前门前  3房间1卫  98平米  南 北,天坛租房/高楼层(共8层)/2009年建塔楼,12000元/月,https://bj.lianjia.com/xiaoqu/1111027378877/
万国城MOMA  3室2厅  304平米  南 北,东直门租房/低楼层(共26层)/2005年建板楼,43000元/月,https://bj.lianjia.com/xiaoqu/1111027380242/
海晟国际公寓  1室1厅  43平米  西,工体租房/低楼层(共16层)/2007年建板塔结合,8200元/月,https://bj.lianjia.com/xiaoqu/1111027375265/
远洋德邑  1室1厅  61平米  北,广渠门租房/中楼层(共13层)/2002年建板塔结合,5860元/月,https://bj.lianjia.com/xiaoqu/1111027382190/
宇飞大厦  2房间1卫  75平米  东,东直门租房/中楼层(共15层)/2009年建塔楼,16800元/月,https://bj.lianjia.com/xiaoqu/1111027381618/
景泰东里  1室1厅  51平米  南,蒲黄榆租房/高楼层(共6层)/1994年建板楼,4630元/月,https://bj.lianjia.com/xiaoqu/1111027377390/
工体西路  1室1厅  49平米  南,工体租房/低楼层(共5层)/1992年建板楼,7260元/月,https://bj.lianjia.com/xiaoqu/1111027374724/
天坛东里南区  1室1厅  50平米  南,天坛租房/中楼层(共12层)/1970年建板塔结合,5500元/月,https://bj.lianjia.com/xiaoqu/1111027380018/
花园胡同  1室1厅  26平米  东 西 北,安定门租房/低楼层(共1层)/平房,9000元/月,https://bj.lianjia.com/xiaoqu/1111027375460/
金世纪嘉园  3室1厅  9平米  南,广渠门租房/高楼层(共21层)/2004年建塔楼,2390元/月,https://bj.lianjia.com/xiaoqu/1111027377351/
胡家园26号院  4室1厅  14平米  东北,东直门租房/低楼层(共6层)/1996年建板楼,3260元/月,https://bj.lianjia.com/xiaoqu/1111027375110/
北官厅胡同甲二号院  2室1厅  61平米  南,东直门租房/高楼层(共6层)/1993年建板楼,6620元/月,https://bj.lianjia.com/xiaoqu/1111027375829/
金世纪嘉园  3室1厅  9平米  南,广渠门租房/高楼层(共21层)/2004年建塔楼,2390元/月,https://bj.lianjia.com/xiaoqu/1111027377351/
东直门内大街  3室1厅  23平米  南,东直门租房/低楼层(共16层)/2003年建塔楼,4360元/月,https://bj.lianjia.com/xiaoqu/1111027374080/
东方银座  1室1厅  79平米  南,东直门租房/低楼层(共25层)/2003年建塔楼,12500元/月,https://bj.lianjia.com/xiaoqu/1111027376862/
法华南里  3室1厅  89平米  东 南 北,崇文门租房/高楼层(共6层)/1996年建板楼,9000元/月,https://bj.lianjia.com/xiaoqu/1111027374239/
金鱼池西区  2室1厅  71平米  南 北,天坛租房/低楼层(共4层)/2003年建板塔结合,7000元/月,https://bj.lianjia.com/xiaoqu/1111027377501/
六铺炕  2室1厅  60平米  东,安定门租房/中楼层(共10层)/1980年建板塔结合,6360元/月,https://bj.lianjia.com/xiaoqu/1111027378022/
安外东河沿  2室1厅  55平米  南,安定门租房/高楼层(共16层)/1992年建塔楼,7130元/月,https://bj.lianjia.com/xiaoqu/1111027375656/
广渠家园  3室1厅  12平米  东,广渠门租房/高楼层(共29层)/2009年建板塔结合,2560元/月,https://bj.lianjia.com/xiaoqu/1111027374680/
安定路  3室1厅  12平米  南,安贞租房/低楼层(共18层)/1996年建塔楼,3030元/月,https://bj.lianjia.com/xiaoqu/1111027375569/
花市枣苑二期  3室1厅  12平米  西,东花市租房/低楼层(共17层)/2003年建塔楼,3430元/月,https://bj.lianjia.com/xiaoqu/1111043316665/
定安里  2室1厅  50平米  南,永定门租房/中楼层(共6层)/1982年建板楼,5360元/月,https://bj.lianjia.com/xiaoqu/1111027376735/
官书院  2室1厅  92平米  南,安定门租房/中楼层(共6层)/2002年建板楼,9990元/月,https://bj.lianjia.com/xiaoqu/1111027374707/
北河沿大街  2室1厅  58平米  南,灯市口租房/中楼层(共6层)/1987年建板楼,7220元/月,https://bj.lianjia.com/xiaoqu/1111027375868/
和平里七区  2室1厅  8平米  南,和平里租房/中楼层(共6层)/1980年建板楼,3390元/月,https://bj.lianjia.com/xiaoqu/1111027375203/
兴隆都市馨园  1室1厅  52平米  南,崇文门租房/低楼层(共6层)/2003年建板楼,6430元/月,https://bj.lianjia.com/xiaoqu/1111027381005/
安化北里  3室1厅  15平米  南,广渠门租房/中楼层(共17层)/1989年建塔楼,2530元/月,https://bj.lianjia.com/xiaoqu/1111027375590/
冠城名敦道  1室0厅  91平米  北 东北,广渠门租房/高楼层(共23层)/2009年建塔楼,15000元/月,https://bj.lianjia.com/xiaoqu/1111027374519/
冠城名敦道  1室0厅  79平米  东,广渠门租房/高楼层(共23层)/2009年建塔楼,13000元/月,https://bj.lianjia.com/xiaoqu/1111027374519/
大菊胡同  2室0厅  32平米  北,东四租房/低楼层(共1层)/1956年建,8900元/月,https://bj.lianjia.com/xiaoqu/1111027373721/
仓南胡同14号院  1室1厅  41平米  南 北,朝阳门内租房/低楼层(共6层)/1993年建板楼,6000元/月,https://bj.lianjia.com/xiaoqu/1111027376504/
东花市北里西区  2室0厅  69平米  东,东花市租房/低楼层(共6层)/1995年建板楼,7000元/月,https://bj.lianjia.com/xiaoqu/1111027373684/
国瑞城西区  2室2厅  106平米  西北,崇文门租房/高楼层(共16层)/2008年建塔楼,15500元/月,https://bj.lianjia.com/xiaoqu/1111027374690/
本家润园三期  2室1厅  56平米  北,东花市租房/高楼层(共18层)/2005年建塔楼,7320元/月,https://bj.lianjia.com/xiaoqu/1111043315856/
阳光都市  3室2厅  9平米  北,工体租房/中楼层(共24层)/2000年建塔楼,3260元/月,https://bj.lianjia.com/xiaoqu/1111027381655/
南弓匠营胡同  3室1厅  8平米  南,朝阳门内租房/中楼层(共6层)/2003年建板楼,3490元/月,https://bj.lianjia.com/xiaoqu/1111027378491/
小黄庄一区  1室1厅  42平米  东,安贞租房/中楼层(共21层)/1990年建板塔结合,4730元/月,https://bj.lianjia.com/xiaoqu/1111027380911/
金世纪嘉园  1室1厅  68平米  西,广渠门租房/中楼层(共22层)/2006年建塔楼,5860元/月,https://bj.lianjia.com/xiaoqu/1111027377351/
向新西里  2室1厅  65平米  南 北,左安门租房/高楼层(共6层)/1984年建板楼,5500元/月,https://bj.lianjia.com/xiaoqu/1111027381328/
向新西里  2室1厅  65平米  南 北,左安门租房/高楼层(共6层)/1984年建板楼,5500元/月,https://bj.lianjia.com/xiaoqu/1111027381328/
后永康胡同2号院4号院  1室1厅  41平米  南,东直门租房/低楼层(共6层)/1990年建板楼,5260元/月,https://bj.lianjia.com/xiaoqu/1111027375475/
本家润园二期  1室0厅  49平米  北,东花市租房/中楼层(共9层)/2007年建板塔结合,7000元/月,https://bj.lianjia.com/xiaoqu/1111043315814/
门楼胡同  2室1厅  58平米  西,东四租房/低楼层(共1层)/1988年建平房,5000元/月,https://bj.lianjia.com/xiaoqu/1111027378338/
宇飞大厦  2房间1卫  62平米  东南,东直门租房/高楼层(共15层)/2009年建塔楼,15500元/月,https://bj.lianjia.com/xiaoqu/1111027381618/
宇飞大厦  3房间2卫  58平米  东南,东直门租房/高楼层(共15层)/2009年建塔楼,15000元/月,https://bj.lianjia.com/xiaoqu/1111027381618/
新景家园东区  1室2厅  56平米  南,崇文门租房/中楼层(共17层)/2004年建板塔结合,6500元/月,https://bj.lianjia.com/xiaoqu/1111027380930/
金桥国际  1室1厅  52平米  东 北,广渠门租房/高楼层(共27层)/2004年建塔楼,6500元/月,https://bj.lianjia.com/xiaoqu/1111027377312/
万国城MOMA  3房间1卫  110平米  南,东直门租房/低楼层(共2层)/2007年建板塔结合,15000元/月,https://bj.lianjia.com/xiaoqu/1111027380242/
东花市北里中区  3室2厅  126平米  南 北,东花市租房/高楼层(共6层)/1994年建板楼,11000元/月,https://bj.lianjia.com/xiaoqu/1111027373685/
豆瓣胡同  2室1厅  83平米  南 北,朝阳门内租房/高楼层(共21层)/2003年建板楼,8500元/月,https://bj.lianjia.com/xiaoqu/1111027376748/
民旺园  2室1厅  40平米  东 西,和平里租房/中楼层(共5层)/1989年建板楼,6000元/月,https://bj.lianjia.com/xiaoqu/1111027378417/
东四北大街  1室0厅  42平米  东,东四租房/高楼层(共12层)/1992年建板塔结合,5600元/月,https://bj.lianjia.com/xiaoqu/1111818599198994/
金鱼池西区  2室1厅  61平米  南 北,天坛租房/中楼层(共4层)/2002年建板塔结合,6500元/月,https://bj.lianjia.com/xiaoqu/1111027377501/
西营房  1室1厅  55平米  西,安定门租房/中楼层(共19层)/2006年建塔楼,6000元/月,https://bj.lianjia.com/xiaoqu/1111027381347/
东皇城根北街40号院  3室1厅  81平米  西,东四租房/中楼层(共6层)/1986年建板楼,9000元/月,https://bj.lianjia.com/xiaoqu/1111041864329/
中海紫御公馆  2室1厅  62平米  东北,陶然亭租房/中楼层(共22层)/2010年建板塔结合,7800元/月,https://bj.lianjia.com/xiaoqu/1111027382485/
东中公寓  2室1厅  105平米  南 北,东直门租房/中楼层(共12层)/1999年建板塔结合,11500元/月,https://bj.lianjia.com/xiaoqu/1111027374062/
民旺园  2室1厅  60平米  南 北,和平里租房/低楼层(共3层)/2000年建板楼,5500元/月,https://bj.lianjia.com/xiaoqu/1111027378417/
东直门内大街  1室1厅  15平米  南,东直门租房/高楼层(共12层)/2003年建板楼,3500元/月,https://bj.lianjia.com/xiaoqu/1111027374080/
法华南里  2室1厅  80平米  南 北,崇文门租房/地下室(共6层)/1996年建板楼,5900元/月,https://bj.lianjia.com/xiaoqu/1111027374239/
南竹杆胡同  2室1厅  85平米  南 北,朝阳门内租房/高楼层(共6层)/2003年建板楼,12000元/月,https://bj.lianjia.com/xiaoqu/1111027378679/
朝内大街203号院  2室1厅  64平米  西 北,东四租房/中楼层(共12层)/1989年建板塔结合,8500元/月,https://bj.lianjia.com/xiaoqu/1111027376499/
仓夹道  3室1厅  88平米  东北,东直门租房/高楼层(共23层)/2003年建塔楼,12000元/月,https://bj.lianjia.com/xiaoqu/1111027376456/
安定路  1室1厅  52平米  南,安贞租房/低楼层(共20层)/1995年建塔楼,5300元/月,https://bj.lianjia.com/xiaoqu/1111027375569/
东罗圈胡同西  3室1厅  59平米  东 西,金宝街租房/低楼层(共6层)/1980年建板楼,8000元/月,https://bj.lianjia.com/xiaoqu/1111027373761/
景泰东里  2室1厅  67平米  南 北,蒲黄榆租房/高楼层(共9层)/1994年建板塔结合,6000元/月,https://bj.lianjia.com/xiaoqu/1111027377390/
豆瓣胡同  2室1厅  70平米  南 北,朝阳门内租房/低楼层(共10层)/2003年建板楼,9000元/月,https://bj.lianjia.com/xiaoqu/1111027376748/
兴隆都市馨园  2室1厅  73平米  南 北,崇文门租房/地下室(共6层)/2003年建板塔结合,7500元/月,https://bj.lianjia.com/xiaoqu/1111027381005/
金鱼池西区  1室1厅  59平米  东,天坛租房/中楼层(共6层)/2000年建板塔结合,6000元/月,https://bj.lianjia.com/xiaoqu/1111027377501/
察慈小区  1室1厅  49平米  东,东直门租房/高楼层(共12层)/1992年建板塔结合,6460元/月,https://bj.lianjia.com/xiaoqu/1111027376353/
东营房八条  2室1厅  15平米  南,工体租房/高楼层(共6层)/1980年建板楼,3690元/月,https://bj.lianjia.com/xiaoqu/1111027374016/
北河沿大街  2室1厅  58平米  南,灯市口租房/高楼层(共6层)/1987年建板楼,7790元/月,https://bj.lianjia.com/xiaoqu/1111027375868/
南弓匠营胡同  3室1厅  12平米  南,朝阳门内租房/低楼层(共6层)/2003年建板楼,3030元/月,https://bj.lianjia.com/xiaoqu/1111027378491/
海晟国际公寓  1室1厅  68平米  东,工体租房/低楼层(共22层)/2007年建板塔结合,11290元/月,https://bj.lianjia.com/xiaoqu/1111027375265/
新中西街  2室1厅  58平米  南,朝阳门外租房/低楼层(共7层)/1990年建板楼,7220元/月,https://bj.lianjia.com/xiaoqu/1111027381477/
和平里七区  3室1厅  14平米  南,和平里租房/低楼层(共4层)/1983年建板楼,3990元/月,https://bj.lianjia.com/xiaoqu/1111027375203/
安化北里  3室1厅  10平米  南,广渠门租房/中楼层(共17层)/1989年建塔楼,2160元/月,https://bj.lianjia.com/xiaoqu/1111027375590/
光明楼  2室1厅  44平米  东 西,广渠门租房/高楼层(共5层)/1978年建板楼,5000元/月,https://bj.lianjia.com/xiaoqu/1111027374668/
花市枣苑二期  1室1厅  55平米  西,东花市租房/中楼层(共19层)/2004年建塔楼,6190元/月,https://bj.lianjia.com/xiaoqu/1111043316665/
百荣嘉园  2室1厅  7平米  南,西罗园租房/中楼层(共21层)/2015年建板塔结合,2290元/月,https://bj.lianjia.com/xiaoqu/1111100554096/
安外花园  3室1厅  8平米  北,和平里租房/高楼层(共6层)/1990年建板楼,2430元/月,https://bj.lianjia.com/xiaoqu/1111027375663/
富贵园二区  1室1厅  49平米  北,东花市租房/高楼层(共18层)/2003年建塔楼,5890元/月,https://bj.lianjia.com/xiaoqu/1111027374216/
富莱茵花园  2室1厅  64平米  东,永定门租房/中楼层(共21层)/1995年建塔楼,5200元/月,https://bj.lianjia.com/xiaoqu/1111027374300/
阳光都市  3室2厅  9平米  北,工体租房/中楼层(共24层)/2000年建塔楼,3360元/月,https://bj.lianjia.com/xiaoqu/1111027381655/
新景家园西区  2室1厅  92平米  东,崇文门租房/中楼层(共11层)/2001年建板塔结合,8500元/月,https://bj.lianjia.com/xiaoqu/1111027380931/
建国门北大街5号  2房间2卫  143平米  东,建国门内租房/低楼层(共24层)/2008年建塔楼,25000元/月,https://bj.lianjia.com/xiaoqu/1111027377016/
自由季  1房间1卫  56平米  西,广渠门租房/中楼层(共10层)/2010年建板塔结合,5500元/月,https://bj.lianjia.com/xiaoqu/1111027382750/
宇飞大厦  2房间2卫  49平米  东,东直门租房/高楼层(共15层)/2009年建塔楼,13000元/月,https://bj.lianjia.com/xiaoqu/1111027381618/
宇飞大厦  2房间1卫  62平米  东南,东直门租房/高楼层(共15层)/2009年建塔楼,17000元/月,https://bj.lianjia.com/xiaoqu/1111027381618/
前门前  2房间1卫  236平米  南 北,天坛租房/中楼层(共8层)/2009年建塔楼,25000元/月,https://bj.lianjia.com/xiaoqu/1111027378877/
禾风仕家  1室1厅  77平米  南,金宝街租房/中楼层(共10层)/2008年建板塔结合,10000元/月,https://bj.lianjia.com/xiaoqu/1111027374962/
海晟国际公寓  1室1厅  71平米  东,工体租房/低楼层(共22层)/2007年建板塔结合,10590元/月,https://bj.lianjia.com/xiaoqu/1111027375265/
百荣嘉园  3室1厅  6平米  东,西罗园租房/高楼层(共21层)/2015年建板塔结合,2430元/月,https://bj.lianjia.com/xiaoqu/1111100554096/
安化北里  3室1厅  11平米  南,广渠门租房/中楼层(共17层)/1989年建塔楼,2260元/月,https://bj.lianjia.com/xiaoqu/1111027375590/
交林  3室1厅  11平米  南,和平里租房/中楼层(共5层)/1985年建板楼,3230元/月,https://bj.lianjia.com/xiaoqu/1111027377225/
天天家园  2室2厅  112平米  西北,永定门租房/中楼层(共11层)/2002年建板塔结合,7000元/月,https://bj.lianjia.com/xiaoqu/1111027380027/
万国城MOMA  3室1厅  190平米  南 北,东直门租房/中楼层(共26层)/2002年建板塔结合,26000元/月,https://bj.lianjia.com/xiaoqu/1111027380242/
永定门东街西里  2室1厅  50平米  南 北,天坛租房/高楼层(共6层)/1970年建板楼,5000元/月,https://bj.lianjia.com/xiaoqu/1111027381583/
新中西街  1室0厅  44平米  东南,朝阳门外租房/高楼层(共7层)/1990年建板楼,6000元/月,https://bj.lianjia.com/xiaoqu/1111027381477/
中海紫御公馆  2室2厅  91平米  南,陶然亭租房/中楼层(共22层)/2010年建板塔结合,12000元/月,https://bj.lianjia.com/xiaoqu/1111027382485/
京城仁合  2室1厅  83平米  东 北,广渠门租房/中楼层(共16层)/2002年建板塔结合,6500元/月,https://bj.lianjia.com/xiaoqu/1111027377023/
东环居苑  1室1厅  56平米  南,广渠门租房/低楼层(共22层)/2004年建塔楼,5700元/月,https://bj.lianjia.com/xiaoqu/1111027376918/
华冠丽景  3室1厅  144平米  南 北,东直门租房/中楼层(共7层)/2003年建板楼,25000元/月,https://bj.lianjia.com/xiaoqu/1111027374993/
六铺炕  2室1厅  54平米  东,安定门租房/低楼层(共16层)/1992年建塔楼,6500元/月,https://bj.lianjia.com/xiaoqu/1111027378022/
富贵园四区  1室0厅  54平米  西,东花市租房/低楼层(共10层)/2006年建板塔结合,7500元/月,https://bj.lianjia.com/xiaoqu/1111027374219/
永定门东街西里  2室1厅  50平米  南 北,天坛租房/高楼层(共6层)/1970年建板楼,5000元/月,https://bj.lianjia.com/xiaoqu/1111027381583/
新中西街  1室0厅  44平米  东南,朝阳门外租房/高楼层(共7层)/1990年建板楼,6000元/月,https://bj.lianjia.com/xiaoqu/1111027381477/
兴隆都市馨园  1室0厅  27平米  北,崇文门租房/低楼层(共7层)/2004年建塔楼,4500元/月,https://bj.lianjia.com/xiaoqu/1111027381005/
铜厂子胡同  2室1厅  49平米  南 北,东直门租房/低楼层(共5层)/1979年建板楼,8000元/月,https://bj.lianjia.com/xiaoqu/1111027379788/
朝阳门内大街  1室1厅  43平米  南,朝阳门内租房/低楼层(共6层)/1991年建板楼,6030元/月,https://bj.lianjia.com/xiaoqu/1111027376667/
西香河园  3室1厅  8平米  北,东直门租房/高楼层(共7层)/1979年建板楼,2660元/月,https://bj.lianjia.com/xiaoqu/1111027381313/
东厂胡同  1室1厅  35平米  东,灯市口租房/中楼层(共5层)/1987年建板楼,5500元/月,https://bj.lianjia.com/xiaoqu/1111027376769/
兴隆都市馨园  1室0厅  45平米  南,崇文门租房/高楼层(共7层)/2004年建塔楼,6000元/月,https://bj.lianjia.com/xiaoqu/1111027381005/
东环居苑  2室1厅  78平米  西,广渠门租房/高楼层(共22层)/2004年建塔楼,6920元/月,https://bj.lianjia.com/xiaoqu/1111027376918/
冠城名敦道  1室0厅  131平米  西北,广渠门租房/低楼层(共23层)/2009年建塔楼,22000元/月,https://bj.lianjia.com/xiaoqu/1111027374519/
忠实里  2室1厅  54平米  西,广渠门租房/中楼层(共16层)/1980年建塔楼,5600元/月,https://bj.lianjia.com/xiaoqu/1111027382642/
营房西街  2室1厅  57平米  东南,崇文门租房/中楼层(共6层)/1990年建板楼,5800元/月,https://bj.lianjia.com/xiaoqu/1111027381634/
水上华城  1室0厅  57平米  南,广渠门租房/高楼层(共24层)/2008年建板塔结合,5800元/月,https://bj.lianjia.com/xiaoqu/1111027379543/
望陶园小区  2室1厅  88平米  西南,西罗园租房/高楼层(共18层)/2004年建塔楼,6500元/月,https://bj.lianjia.com/xiaoqu/1111027380488/
光明楼  2室1厅  63平米  东,广渠门租房/高楼层(共4层)/1958年建板楼,5890元/月,https://bj.lianjia.com/xiaoqu/1111027374668/
花市枣苑一期  4室1厅  11平米  南,东花市租房/低楼层(共18层)/2003年建塔楼,2760元/月,https://bj.lianjia.com/xiaoqu/1111043316306/
景泰西里西区  2室1厅  77平米  南,永定门租房/低楼层(共9层)/2005年建板塔结合,5620元/月,https://bj.lianjia.com/xiaoqu/1111027377413/
京城仁合  3室1厅  13平米  东,广渠门租房/高楼层(共16层)/2002年建板塔结合,2430元/月,https://bj.lianjia.com/xiaoqu/1111027377023/
朝阳门南小街  3室1厅  11平米  西,朝阳门内租房/低楼层(共9层)/2004年建板楼,2930元/月,https://bj.lianjia.com/xiaoqu/1111027376670/
建国门北大街5号  3房间1卫  158平米  东,建国门内租房/低楼层(共24层)/2008年建塔楼,28000元/月,https://bj.lianjia.com/xiaoqu/1111027377016/
东花市北里中区  3室1厅  10平米  东,东花市租房/低楼层(共6层)/1994年建塔楼,2560元/月,https://bj.lianjia.com/xiaoqu/1111027373685/
民安小区东直门内北小街  3室1厅  15平米  西,东直门租房/低楼层(共16层)/2003年建板楼,3560元/月,https://bj.lianjia.com/xiaoqu/1111027374075/
东花市北里中区  1室1厅  47平米  东,东花市租房/低楼层(共6层)/1994年建塔楼,4990元/月,https://bj.lianjia.com/xiaoqu/1111027373685/
朝阳门北小街  3室1厅  20平米  西,朝阳门内租房/低楼层(共6层)/2003年建板楼,3660元/月,https://bj.lianjia.com/xiaoqu/1111027376666/
朝阳门北小街  3室1厅  18平米  东,朝阳门内租房/低楼层(共6层)/2003年建板楼,3660元/月,https://bj.lianjia.com/xiaoqu/1111027376666/
东花市北里中区  1室1厅  47平米  东,东花市租房/低楼层(共6层)/1994年建塔楼,4990元/月,https://bj.lianjia.com/xiaoqu/1111027373685/
广渠家园  3室1厅  12平米  东,广渠门租房/高楼层(共29层)/2009年建板塔结合,2690元/月,https://bj.lianjia.com/xiaoqu/1111027374680/
水上华城  2室1厅  57平米  北,广渠门租房/中楼层(共23层)/2006年建板塔结合,7590元/月,https://bj.lianjia.com/xiaoqu/1111027379543/
新景家园西区  1室1厅  57平米  西,崇文门租房/中楼层(共17层)/2004年建板塔结合,6960元/月,https://bj.lianjia.com/xiaoqu/1111027380931/
夕照寺西里  2室1厅  42平米  东南,广渠门租房/中楼层(共5层)/1976年建板楼,5660元/月,https://bj.lianjia.com/xiaoqu/1111027381473/
北河沿大街  3室1厅  12平米  西,灯市口租房/中楼层(共6层)/1987年建板楼,3190元/月,https://bj.lianjia.com/xiaoqu/1111027375868/
金鱼池中区  3室1厅  8平米  北,天坛租房/中楼层(共6层)/2002年建板塔结合,2790元/月,https://bj.lianjia.com/xiaoqu/1111027377502/
法华南里  2室2厅  78平米  南,崇文门租房/地下室(共6层)/1991年建板楼,7300元/月,https://bj.lianjia.com/xiaoqu/1111027374239/
龙潭北里三条  2室2厅  139平米  南,左安门租房/中楼层(共9层)/2000年建板塔结合,11000元/月,https://bj.lianjia.com/xiaoqu/1111027378094/
绿景苑  1室1厅  64平米  东,广渠门租房/中楼层(共18层)/2002年建塔楼,5500元/月,https://bj.lianjia.com/xiaoqu/1111027377935/
安外东河沿  2室1厅  60平米  南,安定门租房/中楼层(共12层)/1990年建板塔结合,6060元/月,https://bj.lianjia.com/xiaoqu/1111027375656/
华龙美晟  3室1厅  9平米  南,永定门租房/中楼层(共12层)/2009年建板塔结合,2590元/月,https://bj.lianjia.com/xiaoqu/1111027375142/
法华南里  2室1厅  57平米  东南,崇文门租房/低楼层(共6层)/1993年建板楼,5600元/月,https://bj.lianjia.com/xiaoqu/1111027374239/
绿景苑  1室0厅  39平米  北,广渠门租房/高楼层(共12层)/2002年建板塔结合,4500元/月,https://bj.lianjia.com/xiaoqu/1111027377935/
新景家园东区  1室1厅  58平米  南,崇文门租房/低楼层(共16层)/2002年建板塔结合,7290元/月,https://bj.lianjia.com/xiaoqu/1111027380930/
海晟名苑  3室1厅  147平米  东,工体租房/低楼层(共12层)/2006年建板塔结合,20000元/月,https://bj.lianjia.com/xiaoqu/1111027375280/
崇文门东大街  1室1厅  40平米  南,崇文门租房/中楼层(共12层)/1980年建板塔结合,5500元/月,https://bj.lianjia.com/xiaoqu/1111027376599/
新景家园西区  1室1厅  58平米  南,崇文门租房/中楼层(共16层)/2004年建板楼,6500元/月,https://bj.lianjia.com/xiaoqu/1111027380931/
北京上舍  1室1厅  73平米  西,广渠门租房/高楼层(共15层)/2008年建板楼,6800元/月,https://bj.lianjia.com/xiaoqu/1111027375933/
青年湖北里  2室1厅  62平米  南 北,安定门租房/高楼层(共6层)/1988年建板楼,6000元/月,https://bj.lianjia.com/xiaoqu/1111027378887/
万国城MOMA  2室1厅  96平米  东北,东直门租房/低楼层(共27层)/2004年建塔楼,15000元/月,https://bj.lianjia.com/xiaoqu/1111027380242/
冠城名敦道  1室1厅  65平米  东,广渠门租房/中楼层(共23层)/2009年建塔楼,6360元/月,https://bj.lianjia.com/xiaoqu/1111027374519/
交道口东大街  2室1厅  18平米  东,交道口租房/中楼层(共12层)/2003年建板塔结合,3390元/月,https://bj.lianjia.com/xiaoqu/1111027377077/
湖景苑  2室1厅  103平米  东 西,安定门租房/低楼层(共10层)/2003年建板塔结合,12500元/月,https://bj.lianjia.com/xiaoqu/1111027375108/
向春胡同  9室0厅  150平米  南,建国门内租房/低楼层(共1层)/,27000元/月,https://bj.lianjia.com/xiaoqu/1111027380616/
后永康胡同2号院4号院  2室1厅  55平米  南,东直门租房/低楼层(共6层)/1994年建板楼,6460元/月,https://bj.lianjia.com/xiaoqu/1111027375475/
金鱼池西区  2室1厅  61平米  南,天坛租房/高楼层(共6层)/2002年建板塔结合,6890元/月,https://bj.lianjia.com/xiaoqu/1111027377501/
东直门内大街  2室1厅  78平米  南,东直门租房/低楼层(共14层)/2003年建板楼,8990元/月,https://bj.lianjia.com/xiaoqu/1111027374080/
安德路55号院  2室1厅  53平米  西,安定门租房/低楼层(共3层)/1958年建板楼,6290元/月,https://bj.lianjia.com/xiaoqu/1111027375573/
金鱼池西区  2室1厅  61平米  南,天坛租房/高楼层(共6层)/2002年建板塔结合,6890元/月,https://bj.lianjia.com/xiaoqu/1111027377501/
东直门内大街  2室1厅  78平米  南,东直门租房/低楼层(共14层)/2003年建板楼,8990元/月,https://bj.lianjia.com/xiaoqu/1111027374080/
安德路55号院  2室1厅  53平米  西,安定门租房/低楼层(共3层)/1958年建板楼,6290元/月,https://bj.lianjia.com/xiaoqu/1111027375573/
金世纪嘉园  3室1厅  15平米  北,广渠门租房/中楼层(共21层)/2005年建塔楼,2890元/月,https://bj.lianjia.com/xiaoqu/1111027377351/
新裕家园  1室1厅  80平米  南,崇文门租房/高楼层(共14层)/2004年建板塔结合,8660元/月,https://bj.lianjia.com/xiaoqu/1111027381367/
广渠家园  3室1厅  12平米  东,广渠门租房/高楼层(共29层)/2009年建板塔结合,2590元/月,https://bj.lianjia.com/xiaoqu/1111027374680/
国瑞城东区  1室1厅  60平米  南,崇文门租房/中楼层(共16层)/2006年建板塔结合,6960元/月,https://bj.lianjia.com/xiaoqu/1111027374689/
广渠家园  3室1厅  12平米  东,广渠门租房/高楼层(共29层)/2009年建板塔结合,2690元/月,https://bj.lianjia.com/xiaoqu/1111027374680/
朝阳门南小街  3室1厅  8平米  南,朝阳门内租房/中楼层(共16层)/2004年建板塔结合,3030元/月,https://bj.lianjia.com/xiaoqu/1111027376670/
朝阳门南小街  3室1厅  10平米  西,朝阳门内租房/中楼层(共16层)/2004年建板塔结合,3030元/月,https://bj.lianjia.com/xiaoqu/1111027376670/
朝阳门南小街  3室1厅  16平米  西,朝阳门内租房/中楼层(共16层)/2004年建板塔结合,3430元/月,https://bj.lianjia.com/xiaoqu/1111027376670/
李村东里  3室1厅  16平米  南,永定门租房/低楼层(共6层)/1982年建板楼,2890元/月,https://bj.lianjia.com/xiaoqu/1111027377738/
李村东里  3室1厅  11平米  北,永定门租房/低楼层(共6层)/1982年建板楼,2290元/月,https://bj.lianjia.com/xiaoqu/1111027377738/
李村东里  2室1厅  57平米  南,永定门租房/高楼层(共6层)/1982年建板楼,5830元/月,https://bj.lianjia.com/xiaoqu/1111027377738/
左安浦园  2室1厅  74平米  南,左安门租房/高楼层(共18层)/2004年建板楼,6690元/月,https://bj.lianjia.com/xiaoqu/1111027382283/
安外花园  1室1厅  42平米  南,和平里租房/中楼层(共6层)/1990年建板楼,5800元/月,https://bj.lianjia.com/xiaoqu/1111027375663/
前门前  1房间1卫  109平米  南,天坛租房/高楼层(共8层)/2009年建塔楼,13000元/月,https://bj.lianjia.com/xiaoqu/1111027378877/
海运仓小区  1室1厅  48平米  南,东直门租房/低楼层(共6层)/2003年建板楼,6800元/月,https://bj.lianjia.com/xiaoqu/1111027375430/
清水苑  2室1厅  50平米  南,东直门租房/中楼层(共6层)/1980年建板楼,7490元/月,https://bj.lianjia.com/xiaoqu/1111027374073/
小黄庄一区  3室1厅  22平米  南,安贞租房/高楼层(共13层)/1998年建板塔结合,3560元/月,https://bj.lianjia.com/xiaoqu/1111027380911/
什锦花园胡同21号院  1室1厅  34平米  南,东四租房/中楼层(共5层)/1985年建板楼,5560元/月,https://bj.lianjia.com/xiaoqu/1111027379352/
新景家园东区  1室1厅  64平米  南,崇文门租房/中楼层(共18层)/2006年建板塔结合,7630元/月,https://bj.lianjia.com/xiaoqu/1111027380930/
李村东里  3室1厅  8平米  北,永定门租房/低楼层(共6层)/1982年建板楼,1930元/月,https://bj.lianjia.com/xiaoqu/1111027377738/
兴隆都市馨园  1室1厅  53平米  南,崇文门租房/中楼层(共6层)/2004年建板塔结合,6490元/月,https://bj.lianjia.com/xiaoqu/1111027381005/
悠胜美苑  4室1厅  25平米  南,西罗园租房/中楼层(共20层)/2003年建板塔结合,3590元/月,https://bj.lianjia.com/xiaoqu/1111027382035/
悠胜美苑  4室1厅  15平米  南,西罗园租房/中楼层(共20层)/2003年建板塔结合,2390元/月,https://bj.lianjia.com/xiaoqu/1111027382035/
前门东大街  3室1厅  8平米  北,崇文门租房/中楼层(共12层)/1979年建板塔结合,2390元/月,https://bj.lianjia.com/xiaoqu/1111027378868/
绿景苑  2室2厅  114平米  南 北,广渠门租房/高楼层(共14层)/1999年建板楼,12000元/月,https://bj.lianjia.com/xiaoqu/1111027377935/
民安小区东直门内北小街  3室1厅  17平米  西,东直门租房/低楼层(共16层)/2003年建板楼,3660元/月,https://bj.lianjia.com/xiaoqu/1111027374075/
永康胡同1号院  1室1厅  47平米  西,安定门租房/高楼层(共7层)/2002年建板楼,6090元/月,https://bj.lianjia.com/xiaoqu/1111027381841/
永康胡同1号院  1室1厅  47平米  西,安定门租房/高楼层(共7层)/2002年建板楼,6090元/月,https://bj.lianjia.com/xiaoqu/1111027381841/
海运仓小区  1室1厅  48平米  南,东直门租房/中楼层(共7层)/2003年建板楼,7390元/月,https://bj.lianjia.com/xiaoqu/1111027375430/
金世纪嘉园  1室1厅  68平米  东,广渠门租房/低楼层(共22层)/2006年建塔楼,6390元/月,https://bj.lianjia.com/xiaoqu/1111027377351/
新永外文化用品商城  1室1厅  70平米  南,西罗园租房/高楼层(共15层)/2007年建板塔结合,4530元/月,https://bj.lianjia.com/xiaoqu/1111027381407/
富莱茵花园  3室1厅  20平米  南,永定门租房/低楼层(共21层)/2001年建塔楼,3490元/月,https://bj.lianjia.com/xiaoqu/1111027374300/
富莱茵花园  3室1厅  11平米  南,永定门租房/低楼层(共21层)/2001年建塔楼,2290元/月,https://bj.lianjia.com/xiaoqu/1111027374300/
富莱茵花园  3室1厅  20平米  南,永定门租房/低楼层(共21层)/2001年建塔楼,2860元/月,https://bj.lianjia.com/xiaoqu/1111027374300/
前门东大街  3室1厅  14平米  北,崇文门租房/中楼层(共12层)/1979年建板塔结合,2860元/月,https://bj.lianjia.com/xiaoqu/1111027378868/
什锦花园胡同21号院  2室1厅  47平米  南,东四租房/低楼层(共5层)/1985年建板楼,6990元/月,https://bj.lianjia.com/xiaoqu/1111027379352/
广渠家园  3室1厅  10平米  东,广渠门租房/低楼层(共29层)/2009年建板塔结合,2560元/月,https://bj.lianjia.com/xiaoqu/1111027374680/
广渠家园  3室1厅  8平米  东,广渠门租房/低楼层(共29层)/2009年建板塔结合,2460元/月,https://bj.lianjia.com/xiaoqu/1111027374680/
民安小区东直门内北小街  3室1厅  12平米  西,东直门租房/低楼层(共16层)/2003年建板楼,3060元/月,https://bj.lianjia.com/xiaoqu/1111027374075/
金鱼池东区  2室1厅  48平米  南,天坛租房/中楼层(共5层)/1976年建板塔结合,6190元/月,https://bj.lianjia.com/xiaoqu/1111027377499/
东环居苑  1室1厅  57平米  南,广渠门租房/低楼层(共18层)/2004年建塔楼,6160元/月,https://bj.lianjia.com/xiaoqu/1111027376918/
悠胜美苑  4室1厅  25平米  南,西罗园租房/中楼层(共20层)/2003年建板塔结合,2790元/月,https://bj.lianjia.com/xiaoqu/1111027382035/
柏树胡同  2室1厅  60平米  南,灯市口租房/中楼层(共5层)/1989年建板楼,7860元/月,https://bj.lianjia.com/xiaoqu/1111027376066/
安外花园  1室1厅  42平米  南,和平里租房/低楼层(共6层)/1990年建板楼,5690元/月,https://bj.lianjia.com/xiaoqu/1111027375663/
水上华城  2室1厅  66平米  西,广渠门租房/中楼层(共23层)/2006年建板塔结合,7490元/月,https://bj.lianjia.com/xiaoqu/1111027379543/
永康胡同1号院  3室1厅  16平米  北,安定门租房/低楼层(共7层)/2002年建板楼,2890元/月,https://bj.lianjia.com/xiaoqu/1111027381841/
东直门外小街8号院  2室1厅  63平米  南,东直门租房/高楼层(共6层)/1995年建板楼,7160元/月,https://bj.lianjia.com/xiaoqu/1111027374087/
东直门北大街  1室1厅  48平米  南,东直门租房/高楼层(共14层)/1990年建板塔结合,6390元/月,https://bj.lianjia.com/xiaoqu/1111027374072/
东直门南大街  2室1厅  17平米  北,东直门租房/低楼层(共18层)/1991年建板塔结合,3890元/月,https://bj.lianjia.com/xiaoqu/1111027374081/
东花市北里东区  2室1厅  74平米  南 北,东花市租房/高楼层(共7层)/1990年建板楼,8000元/月,https://bj.lianjia.com/xiaoqu/1111027373683/
天坛西里东区  2室1厅  54平米  南 北,天坛租房/高楼层(共6层)/1970年建板楼,5000元/月,https://bj.lianjia.com/xiaoqu/1111027380038/
安德路乙61号院  2室1厅  65平米  东南,安定门租房/低楼层(共14层)/1989年建塔楼,7500元/月,https://bj.lianjia.com/xiaoqu/1111027375578/
海运仓小区  3室1厅  9平米  南,东直门租房/中楼层(共9层)/2003年建板楼,3260元/月,https://bj.lianjia.com/xiaoqu/1111027375430/
永康胡同1号院  3室1厅  15平米  南,安定门租房/低楼层(共7层)/2002年建板楼,3390元/月,https://bj.lianjia.com/xiaoqu/1111027381841/
花市枣苑一期  4室1厅  18平米  南,东花市租房/高楼层(共18层)/2001年建塔楼,4230元/月,https://bj.lianjia.com/xiaoqu/1111043316306/
小黄庄一区  3室1厅  25平米  南,安贞租房/高楼层(共13层)/1998年建板塔结合,4530元/月,https://bj.lianjia.com/xiaoqu/1111027380911/
海运仓小区  3室1厅  14平米  西,东直门租房/中楼层(共8层)/2003年建板楼,3790元/月,https://bj.lianjia.com/xiaoqu/1111027375430/
丽水湾畔家园  3室1厅  29平米  东,广渠门租房/低楼层(共21层)/2002年建塔楼,3390元/月,https://bj.lianjia.com/xiaoqu/1111027378078/
小黄庄一区  3室1厅  18平米  北,安贞租房/高楼层(共13层)/1998年建板塔结合,2890元/月,https://bj.lianjia.com/xiaoqu/1111027380911/
交道口北二条35号院  3室1厅  16平米  南,交道口租房/高楼层(共6层)/1988年建板楼,3290元/月,https://bj.lianjia.com/xiaoqu/1111027377073/
交道口北二条35号院  3室1厅  18平米  南,交道口租房/高楼层(共6层)/1988年建板楼,3430元/月,https://bj.lianjia.com/xiaoqu/1111027377073/
营房西街  1室1厅  41平米  南,崇文门租房/高楼层(共6层)/1990年建板楼,4960元/月,https://bj.lianjia.com/xiaoqu/1111027381634/
和平新城一期  2室1厅  112平米  北,和平里租房/低楼层(共19层)/2003年建板塔结合,12290元/月,https://bj.lianjia.com/xiaoqu/1111027375215/
郭庄北里  2室1厅  50平米  南,永定门租房/中楼层(共5层)/1980年建板楼,5560元/月,https://bj.lianjia.com/xiaoqu/1111027374845/
西总布胡同55号院  2室1厅  54平米  南,建国门内租房/低楼层(共6层)/1990年建板楼,7160元/月,https://bj.lianjia.com/xiaoqu/1111027381443/
东直门南大街  2室1厅  16平米  北,东直门租房/低楼层(共18层)/1991年建板塔结合,3730元/月,https://bj.lianjia.com/xiaoqu/1111027374081/
国瑞城东区  2室1厅  13平米  南,崇文门租房/低楼层(共16层)/2006年建板塔结合,4530元/月,https://bj.lianjia.com/xiaoqu/1111027374689/
国瑞城东区  2室1厅  7平米  北,崇文门租房/低楼层(共16层)/2006年建板塔结合,3460元/月,https://bj.lianjia.com/xiaoqu/1111027374689/
东直门南大街  1室1厅  40平米  西,东直门租房/高楼层(共18层)/1991年建板塔结合,6690元/月,https://bj.lianjia.com/xiaoqu/1111027374081/
城市亮点  1室1厅  47平米  南,永定门租房/中楼层(共12层)/2002年建板塔结合,4860元/月,https://bj.lianjia.com/xiaoqu/1111027376551/
化工大院  2室1厅  56平米  北,和平里租房/低楼层(共3层)/1988年建板楼,6760元/月,https://bj.lianjia.com/xiaoqu/1111027374981/
化工大院  3室1厅  15平米  东,和平里租房/低楼层(共4层)/1988年建板楼,3290元/月,https://bj.lianjia.com/xiaoqu/1111027374981/
悠胜美苑  4室1厅  25平米  南,西罗园租房/中楼层(共20层)/2003年建板塔结合,2990元/月,https://bj.lianjia.com/xiaoqu/1111027382035/
南门仓胡同  3室1厅  9平米  北,朝阳门内租房/中楼层(共6层)/2003年建板楼,2430元/月,https://bj.lianjia.com/xiaoqu/1111027378565/
新中西街  2室1厅  18平米  南,朝阳门外租房/高楼层(共7层)/1990年建板楼,3960元/月,https://bj.lianjia.com/xiaoqu/1111027381477/
百荣嘉园  3室1厅  10平米  南,西罗园租房/高楼层(共21层)/2015年建板塔结合,2730元/月,https://bj.lianjia.com/xiaoqu/1111100554096/
海运仓小区  3室1厅  14平米  西,东直门租房/中楼层(共8层)/2003年建板楼,3160元/月,https://bj.lianjia.com/xiaoqu/1111027375430/
新奥洋房  3室1厅  20平米  南,永定门租房/低楼层(共11层)/2005年建板塔结合,3260元/月,https://bj.lianjia.com/xiaoqu/1111027380567/
小黄庄一区  2室1厅  52平米  南,安贞租房/高楼层(共6层)/1994年建板楼,6560元/月,https://bj.lianjia.com/xiaoqu/1111027380911/
国瑞城中区  2室1厅  70平米  东,崇文门租房/高楼层(共16层)/2006年建板塔结合,8260元/月,https://bj.lianjia.com/xiaoqu/1111027374691/
